year,countryname,countrycode,china_im_fr_i,china_ex_to_i,diplomcy,dist,va,psv,ge,rq,rl,cc,gdp,population_total,gdp_per_capita,trade,arms,military,financial,travel,ASEAN.1,RCEP,AIIB,NDB,SCO,BFTA,FTA,ORG,partnership,partnership2,dip_age,WGI,exportdep,importdep,economy,arms_and_military,xi,dist_std,dip_age_std,population_total_std,gdp_std,china_ex_to_i_std,china_im_fr_i_std,exportdep_std,importdep_std,trade_std,arms_std,military_std,financial_std,travel_std,va_std,psv_std,ge_std,rq_std,rl_std,cc_std,WGI_std,econ_PC1,econ_PC2,econ_PC3,econ_PC4,econ_PC5,sanct_PC1,sanct_PC2,sanct_PC3,sanct_PC4,sanct_PC5,gov_PC1,gov_PC2,gov_PC3,gov_PC4,gov_PC5,partnership_lag,partnership_change,is_increase
2010,Angola,AGO,22809913569,2003705420,1983,11769.51,-1.12,-0.23,-1.14,-1.06,-1.27,-1.33,83799474070,23294825,3597.342932,0,0,0,0,0,0,0,0,0,0,0,0,0,2,2,27,-1.025,0.272196381,0.023910716,0,0,0,0.692234333,-0.486316184,-0.078806651,-0.248588183,-0.249844302,0.881839334,4.788468667,-0.181377124,-0.294045397,-0.219225392,-0.231110698,-0.335818116,-0.248424495,-1.089834341,-0.155041175,-1.137606287,-1.096034995,-1.212358989,-1.264573425,-1.074834453,0.845953116,3.310823897,-2.244372663,2.59354856,0.504320631,-0.598625079,-0.048100503,-0.028890218,0.031648935,-0.000812425,-2.470845692,0.77670607,0.134778379,0.216424901,-0.018983812,0,2,TRUE
2012,United Arab Emirates,ARE,10818247318,29575173816,1984,5966.427,-1,0.86,1.16,0.67,0.53,1.16,3.8461E+11,7391448,52034.47625,0,0,0,0,0,0,0,0,0,0,0,0,0,2,2,28,0.563333333,0.028127828,0.076896503,0,0,0,-0.821946109,-0.426925881,-0.233713893,0.234249683,1.377810719,0.262284312,0.075540653,0.279118181,-0.294045397,-0.219225392,-0.231110698,-0.335818116,-0.248424495,-0.966071772,0.985067109,1.210800295,0.703244903,0.612668882,1.208411517,0.678555045,1.012211562,0.349601539,0.075194373,-0.462890542,-0.241463504,-0.598625079,-0.048100503,-0.028890218,0.031648935,-0.000812425,1.570245423,0.728320502,-1.604964196,-0.053163938,0.004815541,0,2,TRUE
2018,United Arab Emirates,ARE,16237766589,29651248093,1984,5966.427,-1.12,0.69,1.43,0.92,0.77,1.12,4.27049E+11,9346701,45689.857,0,0,0,0,0,0,0,1,0,0,0,0,1,3,3,34,0.635,0.038023155,0.069432824,0,0,1,-0.821946109,-0.070584065,-0.214668702,0.302369958,1.382301691,0.542286299,0.266617967,0.214251932,-0.294045397,-0.219225392,-0.231110698,-0.335818116,-0.248424495,-1.089834341,0.807252056,1.486482807,0.963256449,0.856005932,1.168684851,0.757669157,1.23459372,0.460835964,-0.091587531,-0.395393521,-0.286046482,-0.598625079,-0.048100503,-0.028890218,0.031648935,-0.000812425,1.771054924,0.493154551,-1.901254256,0.149821213,-0.095030138,2,1,TRUE
2004,Argentina,ARG,3255540214,852000339,1972,19297.47,0.36,-0.61,0.02,-0.7,-0.77,-0.41,1.64658E+11,38815916,4242.020991,0,0,0,0,0,0,0,0,0,0,0,0,0,2,2,32,-0.351666667,0.019771536,0.005174366,0,0,0,2.656481579,-0.189364671,0.072376925,-0.118800477,-0.3178341,-0.128446472,-0.085818113,-0.344213268,-0.294045397,-0.219225392,-0.231110698,-0.335818116,-0.248424495,0.436570676,-0.552510118,0.046807467,-0.721618369,-0.705406802,-0.350860113,-0.331529776,-0.313558413,-0.294853067,-0.191122602,0.153464306,-0.000410013,-0.598625079,-0.048100503,-0.028890218,0.031648935,-0.000812425,-0.768828438,-0.398458169,0.583596646,-0.27145185,-0.54793198,0,2,TRUE
2014,Argentina,ARG,5258068422,7686731784,1972,19297.47,0.35,-0.01,-0.11,-1.07,-0.87,-0.55,5.2632E+11,43024071,12233.14441,0,0,0,0,0,0,0,0,0,0,0,0,0,3,3,42,-0.376666667,0.009990256,0.014604683,0,0,1,2.656481579,0.404538356,0.113366564,0.46171083,0.085647674,-0.02498492,-0.274693194,-0.262255126,-0.294045397,-0.219225392,-0.231110698,-0.335818116,-0.248424495,0.426257129,0.075072424,-0.085928557,-1.106435457,-0.80679724,-0.489903443,-0.359127722,0.268582998,-0.47433021,-0.030128021,-0.110892208,0.26059197,-0.598625079,-0.048100503,-0.028890218,0.031648935,-0.000812425,-0.86155684,0.300973016,0.834464405,-0.37828586,-0.679305702,2,1,TRUE
2014,Australia,AUS,90132215710,39121979059,1972,8956.436,1.36,1.03,1.6,1.86,1.92,1.85,1.46827E+12,23475686,62544.08738,0,0,0,0,0,0,0,0,0,0,0,0,0,3,0.5,42,1.603333333,0.061386871,0.026645033,0,0,1,-0.041772337,0.404538356,-0.077044969,1.973648793,1.941397151,4.360077427,0.717767904,-0.157613388,-0.294045397,-0.219225392,-0.231110698,-0.335818116,-0.248424495,1.467925418,1.162882163,1.660060685,1.940899862,2.021995961,1.8936965,1.826629596,4.623413167,0.747380606,-1.134946572,-1.070122987,-0.859692676,-0.598625079,-0.048100503,-0.028890218,0.031648935,-0.000812425,4.175161991,-0.349614184,-0.24763963,-0.029479574,0.229304485,0,3,TRUE
2018,Austria,AUT,6923283734,2827536774,1971,7468.012,1.4,0.88,1.46,1.52,1.85,1.57,4.52582E+11,8840521,51194.07498,0,0,0,0,0,0,0,1,0,0,0,0,1,2,2,47,1.446666667,0.015297292,0.006247564,0,0,1,-0.430142193,0.701489869,-0.219599161,0.343353324,-0.201210213,0.061049205,-0.172215102,-0.334886187,-0.294045397,-0.219225392,-0.231110698,-0.335818116,-0.248424495,1.509179607,1.005986527,1.517114197,1.58728416,1.951022655,1.61560984,1.653682468,0.012834187,-0.298698529,-0.298753485,-0.247206184,0.2692083,-0.598625079,-0.048100503,-0.028890218,0.031648935,-0.000812425,3.777158763,-0.373905264,-0.053111968,-0.116602596,0.045184799,0,2,TRUE
2014,Belgium,BEL,10055588526,17222472654,1971,7970.82,1.37,0.7,1.52,1.15,1.55,1.51,5.37987E+11,11209057,47995.7787,0,0,0,0,0,0,0,0,0,0,0,0,0,1,1,43,1.3,0.018691122,0.03201278,0,0,1,-0.298946062,0.463928659,-0.196528377,0.480438988,0.648580931,0.222881191,-0.10668075,-0.110962727,-0.294045397,-0.219225392,-0.231110698,-0.335818116,-0.248424495,1.478238965,0.817711765,1.578376977,1.202467072,1.646851343,1.556019842,1.491774519,0.680954248,-0.100915785,-0.145843115,-0.403890998,0.097958824,-0.598625079,-0.048100503,-0.028890218,0.031648935,-0.000812425,3.404835271,-0.427473061,-0.00961212,-0.313258984,-0.198369684,0,1,TRUE
2023,Benin,BEN,98443912,1676234323,1972,11545.88,-0.22,-0.35,-0.22,-0.3,-0.51,-0.05,19676049076,14111034,1394.373302,0,0,0,0,0,0,0,1,0,0,0,0,1,1,2,51,-0.275,0.005003236,0.085191611,0,0,1,0.633883251,0.93905108,-0.168261597,-0.351514119,-0.269176242,-0.291559323,-0.37099183,0.35121031,-0.294045397,-0.219225392,-0.231110698,-0.335818116,-0.248424495,-0.161615074,-0.280557683,-0.198243654,-0.305599895,-0.441791665,0.006679878,-0.246896075,-0.591435061,0.036558684,0.386946202,-0.243378607,-0.101744268,-0.598625079,-0.048100503,-0.028890218,0.031648935,-0.000812425,-0.564692519,-0.078192853,-0.001553506,-0.195897802,0.039447848,0,1,TRUE
2005,Bangladesh,BGD,78525332,2403518475,1975,3036.238,-0.57,-1.86,-0.92,-1.08,-0.98,-1.41,69476001239,144715786,480.0858508,0,0,0,0,0,0,0,0,0,0,0,0,0,1,1,30,-1.136666667,0.001130251,0.034594945,0,0,0,-1.586511233,-0.308145276,1.103897262,-0.271579108,-0.226241724,-0.292588426,-0.445778595,-0.088521326,-0.294045397,-0.219225392,-0.231110698,-0.335818116,-0.248424495,-0.522589233,-1.859973746,-0.912976092,-1.116835919,-0.918326721,-1.344026757,-1.198105278,-0.204268908,-0.761729803,0.634089087,0.725519591,-0.279337758,-0.598625079,-0.048100503,-0.028890218,0.031648935,-0.000812425,-2.700033141,-0.976335822,0.229873466,-0.002228624,-0.334174847,0,1,TRUE
2016,Bangladesh,BGD,857308142,14693408110,1975,3036.238,-0.58,-1.26,-0.71,-0.81,-0.67,-0.89,2.65225E+11,160811932,1649.283809,0,0,0,0,0,0,0,1,0,0,0,0,1,2,2,41,-0.82,0.003232386,0.055399887,0,0,1,-1.586511233,0.345148053,1.260682175,0.042621186,0.499280047,-0.252352249,-0.405186669,0.092292779,-0.294045397,-0.219225392,-0.231110698,-0.335818116,-0.248424495,-0.53290278,-1.232391204,-0.698556361,-0.836023449,-0.604016365,-0.827580102,-0.848531296,0.451163744,-0.714853874,0.844995359,0.673530176,-0.246624557,-0.598625079,-0.048100503,-0.028890218,0.031648935,-0.000812425,-1.91230467,-0.558145043,0.019206082,-0.103127074,-0.154218145,1,1,TRUE
2014,Bulgaria,BGR,988992777,1179010381,1949,7364.447,0.37,0.08,-0.11,0.59,-0.08,-0.3,57157782910,7223938,7912.274844,0,0,0,0,0,0,0,0,0,0,0,0,0,1,1.5,65,0.091666667,0.017302854,0.020627294,0,0,1,-0.457165088,1.770515317,-0.235345528,-0.291351354,-0.298529377,-0.245548701,-0.133488001,-0.209913087,-0.294045397,-0.219225392,-0.231110698,-0.335818116,-0.248424495,0.446884224,0.169209805,-0.085928557,0.620041209,-0.005812785,-0.241611783,0.157873799,-0.544226034,-0.114851906,-0.184756343,-0.078624829,-0.044237808,-0.598625079,-0.048100503,-0.028890218,0.031648935,-0.000812425,0.353301888,-0.106549935,0.422346135,0.556501473,0.23341728,0,1,TRUE
2019,Bulgaria,BGR,1164136835,1554787822,1949,7364.447,0.35,0.56,0.17,0.53,-0.04,-0.18,68631726289,6975761,9838.60059,0,0,0,0,0,0,0,0,0,0,0,0,0,2,2,70,0.231666667,0.01696208,0.022654068,0,0,1,-0.457165088,2.06746683,-0.237762902,-0.272934272,-0.276345719,-0.236499802,-0.140068298,-0.192298549,-0.294045397,-0.219225392,-0.231110698,-0.335818116,-0.248424495,0.426257129,0.671275838,0.199964418,0.557638438,0.03474339,-0.122431785,0.312422296,-0.518061069,-0.109496216,-0.170089529,-0.095116441,-0.039788263,-0.598625079,-0.048100503,-0.028890218,0.031648935,-0.000812425,0.6925984,0.319603541,0.361858442,0.518671426,0.04229885,1,1,TRUE
2013,Belarus,BLR,580768852,871118775,1992,6480.601,-1.54,0.01,-0.96,-1.16,-0.88,-0.41,75527558966,9443211,7998.080205,1,0,0,1,1,0,0,0,0,0,0,0,0,3,3,21,-0.823333333,0.007689496,0.011533787,2,0,1,-0.687784282,-0.842658,-0.213728644,-0.261865618,-0.316705461,-0.26663978,-0.31912054,-0.288944039,1.277066017,-0.219225392,-0.231110698,0.881289162,2.363467138,-1.523003332,0.095991842,-0.953817946,-1.200039613,-0.816936283,-0.350860113,-0.852211023,-0.571668411,-0.303865599,-0.159653993,-0.152569819,-0.055225585,2.059190079,-1.626955336,0.715186488,0.574647387,0.606492132,-1.956451972,1.049171682,-0.561732517,-0.432185409,0.186077073,0,3,TRUE
2018,Bolivia,BOL,329704235,836168829,1985,17389.85,-0.06,-0.29,-0.33,-1.01,-1.21,-0.69,40287647930,11508368,3500.726422,1,0,0,1,0,0,0,1,0,0,0,0,1,2,2,33,-0.598333333,0.008183755,0.020754968,2,0,1,2.158732211,-0.129974368,-0.19361293,-0.318429983,-0.318768697,-0.279611151,-0.309576471,-0.208803484,1.277066017,-0.219225392,-0.231110698,0.881289162,-0.248424495,0.003401685,-0.217799429,-0.310558752,-1.044032686,-1.151524726,-0.628946773,-0.603829509,-0.602125829,-0.248501675,-0.09069236,-0.133349398,-0.08878225,0.885912988,-0.686476415,-0.650420922,-0.944379747,-0.018060931,-1.407763475,0.210030977,0.588601713,-0.20884896,-0.475112388,0,2,TRUE
2005,Brazil,BRA,9981793690,4829264620,1974,17614.3,0.46,-0.26,-0.16,0.04,-0.48,-0.15,8.91634E+11,184688101,4827.781731,0,0,0,0,0,0,0,0,0,0,0,0,0,2,2.5,31,-0.091666667,0.011194947,0.005416197,0,0,0,2.217297253,-0.248754973,1.493248597,1.048084723,-0.083040142,0.219068546,-0.25143079,-0.34211153,-0.294045397,-0.219225392,-0.231110698,-0.335818116,-0.248424495,0.539706151,-0.186420302,-0.136980874,0.048015807,-0.411374534,-0.092636786,-0.044511138,0.983827846,-1.110007336,0.471168732,0.830337501,0.457148941,-0.598625079,-0.048100503,-0.028890218,0.031648935,-0.000812425,-0.114948127,-0.297602222,0.567465955,0.056488537,0.057244515,1,1,TRUE
2012,Brazil,BRA,52059670888,33425054695,1974,17614.3,0.48,0.05,-0.16,0.17,-0.08,-0.05,2.46523E+12,196876111,12521.72135,0,0,0,0,0,0,0,0,0,0,0,0,0,3,3,38,0.068333333,0.02111759,0.013558607,0,0,0,2.217297253,0.166977145,1.611966214,3.573895388,1.605084721,2.393041668,-0.059826003,-0.271346488,-0.294045397,-0.219225392,-0.231110698,-0.335818116,-0.248424495,0.560333245,0.137830678,-0.136980874,0.183221811,-0.005812785,0.006679878,0.132115716,4.541051866,-1.102036688,0.208996768,-0.065052353,1.008570218,-0.598625079,-0.048100503,-0.028890218,0.031648935,-0.000812425,0.285160359,-0.073390979,0.523146591,0.062320902,0.142963438,2,1,TRUE
2018,Brunei Darussalam,BRN,247510370,1591947673,1991,3896.4,-0.86,1.24,1.21,0.68,0.6,0.76,13566908401,437810,30988.11905,0,0,0,0,0,1,0,1,0,0,0,1,1,2,2,27,0.605,0.018243683,0.11734049,0,0,1,-1.362071831,-0.486316184,-0.301445978,-0.361320036,-0.274152023,-0.283857735,-0.115320741,0.630613679,-0.294045397,-0.219225392,-0.231110698,-0.335818116,-0.248424495,-0.821682108,1.382536052,1.261852612,0.713645365,0.683642188,0.811144859,0.724551622,-0.591216959,0.425069263,0.444644163,-0.245089866,-0.017395191,-0.598625079,-0.048100503,-0.028890218,0.031648935,-0.000812425,1.661460504,1.058984618,-1.335940047,0.248088798,-0.203339898,0,2,TRUE
1999,Canada,CAN,2334050225,2434515694,1970,10598.32,1.54,1.06,1.86,1.5,1.69,2.04,6.78412E+11,30401286,22315.24667,0,0,0,0,0,0,0,0,0,0,0,0,0,1,1,29,1.615,0.00344046,0.003588549,0,0,0,0.386639361,-0.367535578,-0.009585989,0.705837921,-0.224411833,-0.176055682,-0.401168795,-0.357995472,-0.294045397,-0.219225392,-0.231110698,-0.335818116,-0.248424495,1.653569271,1.19426129,1.925532733,1.566483236,1.788797955,2.082398163,1.839508638,0.085617639,-0.65391048,-0.08342096,-0.227291925,0.593090019,-0.598625079,-0.048100503,-0.028890218,0.031648935,-0.000812425,4.192747879,-0.323036126,-0.132587151,-0.370921551,-0.085240764,0,1,TRUE
2005,Canada,CAN,7516423112,11657641547,1970,10598.32,1.51,0.83,1.88,1.57,1.65,1.87,1.17311E+12,32242732,36383.66001,1,0,0,0,0,0,0,0,0,0,0,0,0,2,2,35,1.551666667,0.00640727,0.009937393,1,0,0,0.386639361,-0.011193763,0.008350662,1.499886118,0.320066498,0.091694027,-0.343880141,-0.30281817,1.277066017,-0.219225392,-0.231110698,-0.335818116,-0.248424495,1.622628629,0.953687982,1.94595366,1.639286469,1.74824178,1.913559833,1.769593841,0.979412944,-0.688083941,-0.072571144,-0.452215528,0.963421522,0.203663491,-0.451109654,-0.704484521,-0.599718591,0.897962414,4.043096216,-0.537516374,-0.163095171,-0.220781196,-0.131171796,1,1,TRUE
2016,Switzerland,CHE,8847187538,3235408571,1950,8084.264,1.53,1.29,1.97,1.9,1.91,1.94,6.87895E+11,8373338,82153.07454,0,0,0,0,0,0,0,1,0,0,1,1,1,2,2,66,1.756666667,0.012861238,0.004703343,0,0,1,-0.269345471,1.829905619,-0.224149768,0.72105972,-0.177131895,0.160448591,-0.219254949,-0.348306886,-0.294045397,-0.219225392,-0.231110698,-0.335818116,-0.248424495,1.643255724,1.434834597,2.03784783,1.98250171,2.011856917,1.983081498,1.995896998,0.273321358,-0.396955517,-0.301223077,-0.361176949,0.505016586,-0.598625079,-0.048100503,-0.028890218,0.031648935,-0.000812425,4.553365791,-0.224879147,-0.207490644,-0.002694528,-0.011878569,0,2,TRUE
2004,Chile,CHL,3672036584,1690177664,1970,19079.88,1.23,0.69,1.12,1.37,1.17,1.31,99075985773,16187322,6120.591521,0,0,0,0,0,0,0,0,0,0,0,0,0,1,0.5,34,1.148333333,0.037062832,0.017059408,0,0,0,2.599706496,-0.070584065,-0.148037462,-0.224067515,-0.26835311,-0.106927993,0.248074272,-0.240921301,-0.294045397,-0.219225392,-0.231110698,-0.335818116,-0.248424495,1.333849301,0.807252056,1.169958441,1.431277232,1.261567681,1.357386513,1.32434698,-0.339901333,0.09890108,-0.344548029,0.166299301,0.004626129,-0.598625079,-0.048100503,-0.028890218,0.031648935,-0.000812425,3.018865514,-0.357356164,0.093197672,-0.003545115,0.181939356,0,1,TRUE
2012,Chile,CHL,20611186375,12606508039,1970,19079.88,1.08,0.33,1.18,1.54,1.29,1.54,2.67025E+11,17519119,15241.907,0,0,0,0,0,0,0,0,0,0,1,1,0,2,2,42,1.16,0.07718829,0.047211004,0,0,0,2.599706496,0.404538356,-0.13506506,0.045510834,0.376081916,0.768241069,1.022890997,0.021123843,-0.294045397,-0.219225392,-0.231110698,-0.335818116,-0.248424495,1.17914609,0.430702531,1.231221222,1.608085083,1.383236206,1.585814841,1.337226022,0.766519588,0.870351077,-0.576581592,0.266344681,-0.182921892,-0.598625079,-0.048100503,-0.028890218,0.031648935,-0.000812425,3.069329397,-0.725771622,-0.231943716,-0.068599376,0.319360737,1,1,TRUE
2016,Chile,CHL,18406895630,12956901484,1970,19079.88,1,0.4,0.83,1.36,0.96,1.02,2.49345E+11,18267221,13649.85205,0,0,0,0,0,0,0,0,0,0,1,1,0,3,3,46,0.928333333,0.073821034,0.051963779,0,0,1,2.599706496,0.642099566,-0.127778153,0.017132404,0.396767054,0.654355361,0.957869771,0.06242984,-0.294045397,-0.219225392,-0.231110698,-0.335818116,-0.248424495,1.096637711,0.503920494,0.873855003,1.42087677,1.048647763,1.069368187,1.081485056,0.694612825,0.837833258,-0.494966234,0.251816458,-0.169776479,-0.598625079,-0.048100503,-0.028890218,0.031648935,-0.000812425,2.473508619,-0.48360413,0.056556015,0.168963541,0.315772718,2,1,TRUE
2015,"Congo, Dem. Rep.",COD,2656696660,1410341080,1972,11273.61,-1.3,-2.14,-1.64,-1.36,-1.6,-1.31,37917706497,81035531,467.9145805,1,0,0,2,1,0,0,0,0,0,0,0,0,2,2,43,-1.558333333,0.070064804,0.037194789,3,0,1,0.562840685,0.463928659,0.483618143,-0.322234029,-0.284872993,-0.159386003,0.885337516,-0.065926294,1.277066017,-0.219225392,-0.231110698,2.09839644,2.363467138,-1.275478194,-2.152845598,-1.648129457,-1.40804885,-1.546947432,-1.244710092,-1.663590633,-0.171945723,0.40511345,-0.175055678,1.001503587,0.016719417,2.741439576,-1.862322096,0.769250087,0.229986231,-0.309531213,-3.759645489,-0.811022265,-0.093745968,-0.229855149,0.227498404,0,2,TRUE
2023,"Congo, Dem. Rep.",COD,14368560392,4562877703,1972,11273.61,-1.21,-2.04,-1.69,-1.41,-1.67,-1.48,66383287003,105789731,627.5021817,3,0,0,6,2,0,0,0,0,0,0,0,0,3,3,51,-1.583333333,0.216448462,0.068735339,9,0,1,0.562840685,0.93905108,0.724737048,-0.276543292,-0.098766037,0.445712891,3.711984523,0.20819014,4.419288845,-0.219225392,-0.231110698,6.966825551,4.975358771,-1.182656267,-2.048248508,-1.699181774,-1.460051159,-1.617920738,-1.413548422,-1.691188579,0.749174539,2.463165738,-1.077432485,2.588444224,0.321508982,8.248291795,-4.550286363,0.999923285,-0.892366311,-1.551521851,-3.830435843,-0.708933387,0.086604378,-0.146862568,0.167878025,2,1,TRUE
2016,"Congo, Rep.",COG,2278737972,767102009,1964,11274.53,-1.16,-0.52,-1.13,-1.21,-1.15,-1.23,10931328151,5222536,2093.107286,0,0,0,0,0,0,0,0,0,0,0,0,0,3,3,52,-1.066666667,0.208459388,0.070174639,0,0,1,0.563080738,0.998441382,-0.254840234,-0.365550465,-0.322845991,-0.178913415,3.557716661,0.220698989,-0.294045397,-0.219225392,-0.231110698,-0.335818116,-0.248424495,-1.13108853,-0.458372736,-1.127395824,-1.252041923,-1.090690464,-1.165256761,-1.12083103,-0.049356352,2.648796595,-1.332576618,1.929836424,0.714738106,-0.598625079,-0.048100503,-0.028890218,0.031648935,-0.000812425,-2.565159466,0.537795722,0.01763285,-0.003141903,-0.072204767,0,3,TRUE
2023,Colombia,COL,6387279903,12461217954,1980,14937.48,0.21,-0.72,-0.08,0.1,-0.46,-0.31,3.63494E+11,52321152,6947.359287,1,0,0,2,0,0,0,0,0,0,0,0,0,1,2,43,-0.21,0.017571907,0.034281786,3,0,1,1.518842916,0.463928659,0.203925015,0.200355466,0.367504856,0.033356317,-0.128292633,-0.091242974,1.277066017,-0.219225392,-0.231110698,2.09839644,-0.248424495,0.281867465,-0.667566917,-0.055297167,0.110418578,-0.391096447,-0.251543449,-0.175141416,0.370733904,-0.236520177,0.075702449,0.004432761,-0.01997285,1.568162485,-0.921843175,-0.596357323,-1.289040903,-0.934084275,-0.388355338,-0.670201747,0.269473651,0.190012577,-0.020472065,0,1,TRUE
2015,Costa Rica,CRI,826034107,1330986269,2007,14090.98,1.15,0.67,0.31,0.66,0.49,0.69,56441920821,4818038,11714.7106,1,0,1,1,0,0,0,0,0,0,1,1,0,2,2,8,0.661666667,0.014635117,0.02358152,2,1,1,1.297968298,-1.614731934,-0.258780257,-0.2925004,-0.289557628,-0.253968037,-0.185001616,-0.184238142,1.277066017,-0.219225392,3.469093216,0.881289162,-0.248424495,1.251340922,0.786332638,0.342910906,0.692844441,0.572112707,0.741623194,0.787106966,-0.557255404,-0.126280047,-0.152811215,-0.129243784,-0.04978181,1.945652952,1.855896789,1.307659075,-2.255428039,0.726838407,1.763964264,0.02599266,0.689268494,-0.10267902,0.238007909,0,2,TRUE
2021,Cyprus,CYP,28869326,860084960,1971,7076.428,0.86,0.42,0.7,0.85,0.61,0.37,30372874320,1317309,23056.75762,0,0,0,0,0,0,0,1,0,0,0,0,1,2,2,50,0.635,0.000950497,0.028317536,0,0,1,-0.532316992,0.879660777,-0.292879196,-0.334344407,-0.317356832,-0.295153927,-0.449249621,-0.143077798,-0.294045397,-0.219225392,-0.231110698,-0.335818116,-0.248424495,0.952248047,0.524839912,0.741118979,0.890453216,0.693781232,0.423809868,0.757669157,-0.662955108,-0.265687073,-0.0249557,-0.292828281,-0.106326545,-0.598625079,-0.048100503,-0.028890218,0.031648935,-0.000812425,1.723096164,-0.205762039,0.293771844,0.286172765,-0.074668979,0,2,TRUE
2016,Czech Republic,CZE,2947307179,8054964862,1949,7462.242,1.03,0.96,1.01,0.97,0.99,0.56,1.98161E+11,10566332,18753.96867,0,0,0,0,0,0,0,0,0,0,0,0,0,2,2,67,0.92,0.014873321,0.040648658,0,0,1,-0.431647742,1.889295922,-0.202788855,-0.065024502,0.107385958,-0.144371476,-0.180401921,-0.035908988,-0.294045397,-0.219225392,-0.231110698,-0.335818116,-0.248424495,1.127578353,1.089664199,1.057643344,1.015258759,1.079064894,0.612511531,1.072285741,-0.130931611,-0.070509389,-0.019173012,-0.22473115,-0.025325421,-0.598625079,-0.048100503,-0.028890218,0.031648935,-0.000812425,2.429823171,0.14280141,0.296217387,0.275239621,-0.207578663,0,2,TRUE
2004,Germany,DEU,30158916191,23754274338,1972,7785.342,1.5,0.64,1.47,1.47,1.62,1.84,2.85232E+12,82516260,34566.73591,0,0,0,0,0,0,0,0,0,0,0,0,0,1,1,32,1.423333333,0.010573477,0.00832806,0,0,0,-0.347342261,-0.189364671,0.498041221,4.195222099,1.034179538,1.261528977,-0.263431288,-0.316804757,-0.294045397,-0.219225392,-0.231110698,-0.335818116,-0.248424495,1.612315081,0.754953511,1.52732466,1.535281851,1.717824649,1.883764834,1.627924386,3.599106046,-1.166256217,-0.031702562,-0.815888684,2.303560418,-0.598625079,-0.048100503,-0.028890218,0.031648935,-0.000812425,3.719423019,-0.627690001,-0.036558254,-0.340610214,0.120793502,0,1,TRUE
2010,Germany,DEU,74378385033,68068776044,1972,7785.342,1.3,0.8,1.52,1.57,1.64,1.77,3.46815E+12,81776930,42409.9357,0,0,0,0,0,0,0,0,0,0,0,0,0,2,2,38,1.433333333,0.0214461,0.019626801,0,0,0,-0.347342261,0.166977145,0.490839758,5.183715081,3.650243368,3.546148428,-0.053482529,-0.218608289,-0.294045397,-0.219225392,-0.231110698,-0.335818116,-0.248424495,1.406044133,0.922308855,1.578376977,1.639286469,1.738102736,1.814243169,1.638963564,6.905079936,-0.718399746,-0.369750418,-1.692421623,1.355178853,-0.598625079,-0.048100503,-0.028890218,0.031648935,-0.000812425,3.74634716,-0.441644977,-0.200793832,-0.177308423,0.128248489,1,1,TRUE
2014,Germany,DEU,1.04776E+11,72730919502,1972,7785.342,1.44,0.93,1.66,1.7,1.85,1.81,3.9658E+12,80982500,48971.08247,0,0,0,0,0,0,0,0,0,0,0,0,0,3,3,42,1.565,0.026419952,0.01833953,0,0,1,-0.347342261,0.404538356,0.483101593,5.982498294,3.925468507,5.116668905,0.042561816,-0.229795864,-0.294045397,-0.219225392,-0.231110698,-0.335818116,-0.248424495,1.550433797,1.058285072,1.721323465,1.774492473,1.951022655,1.853969835,1.784312746,8.356691855,-0.573994327,-0.67689921,-2.118270912,1.194589472,-0.598625079,-0.048100503,-0.028890218,0.031648935,-0.000812425,4.077441265,-0.430249462,-0.169122071,-0.121639413,0.078121606,2,1,TRUE
2017,Djibouti,DJI,12307,2199860995,1979,7769.803,-1.41,-0.73,-1.09,-0.69,-0.93,-0.67,2762581334,1054841,2618.955211,0,0,0,0,0,0,0,0,0,0,0,0,0,2,2,38,-0.92,4.45E-06,0.796306327,0,0,1,-0.351396804,0.166977145,-0.295435772,-0.378662302,-0.238264447,-0.296644838,-0.467517556,6.53145229,-0.294045397,-0.219225392,-0.231110698,-0.335818116,-0.248424495,-1.388927216,-0.678026626,-1.08655397,-0.711217907,-0.867631502,-0.609083441,-0.95892308,-0.549356649,3.654628363,5.222316175,-1.442993415,0.289739391,-0.598625079,-0.048100503,-0.028890218,0.031648935,-0.000812425,-2.171410102,0.227107195,-0.520339317,-0.024909312,0.402576641,0,2,TRUE
2008,Denmark,DNK,2599743986,5577270338,1950,7208.356,1.54,1.07,2.24,1.87,1.95,2.38,3.54979E+11,5493621,64616.66576,0,0,0,0,0,0,0,0,0,0,0,0,0,3,3,58,1.841666667,0.007323646,0.015711529,0,0,0,-0.497893428,1.354783198,-0.252199724,0.186688862,-0.038882347,-0.16232849,-0.326185048,-0.25263561,-0.294045397,-0.219225392,-0.231110698,-0.335818116,-0.248424495,1.653569271,1.204720999,2.313530342,1.951300324,2.052413092,2.420074821,2.089730014,-0.127812409,-0.336669055,-0.147495754,-0.326150247,0.182895514,-0.598625079,-0.048100503,-0.028890218,0.031648935,-0.000812425,4.77766604,-0.500050733,-0.453503816,-0.318594716,-0.064817307,0,3,TRUE
2014,Algeria,DZA,1313626060,7389710403,1958,9117.676,-0.81,-1.19,-0.34,-1.3,-0.8,-0.61,2.38943E+11,39205031,6094.693923,0,0,0,0,0,0,0,0,0,0,0,0,0,3,3,56,-0.841666667,0.005497662,0.03092671,0,0,1,0.000299516,1.236002593,0.07616711,0.000435601,0.068113303,-0.228776372,-0.361444527,-0.120401675,-0.294045397,-0.219225392,-0.231110698,-0.335818116,-0.248424495,-0.770114371,-1.159173241,-0.320769215,-1.345646079,-0.735823934,-0.549493442,-0.872449516,-0.117269966,-0.373322659,0.124758329,-0.092669937,-0.008623666,-0.598625079,-0.048100503,-0.028890218,0.031648935,-0.000812425,-1.969759305,-0.358359943,-0.282246053,-0.549438674,-0.54716026,0,3,TRUE
2015,Ecuador,ECU,1237360210,2893850903,1980,15364.41,-0.21,-0.15,-0.39,-1.14,-0.96,-0.67,97209558000,16266225,5976.159681,0,0,0,0,0,0,0,0,0,0,0,0,0,2,2,35,-0.586666667,0.012728792,0.029769201,0,0,1,1.630240436,-0.011193763,-0.147268905,-0.227063359,-0.197295423,-0.232716682,-0.221812477,-0.130461489,-0.294045397,-0.219225392,-0.231110698,-0.335818116,-0.248424495,-0.151301526,-0.071363502,-0.371821532,-1.17923869,-0.898048633,-0.609083441,-0.590950468,-0.432661314,-0.167390727,-0.047196687,-0.103495381,-0.05333535,-0.598625079,-0.048100503,-0.028890218,0.031648935,-0.000812425,-1.378565809,0.415987599,0.470407388,-0.325270753,-0.485922968,0,2,TRUE
2016,Ecuador,ECU,939367850,2275931830,1980,15364.41,-0.25,-0.09,-0.38,-0.96,-0.65,-0.68,97671433000,16505139,5917.637713,0,0,0,0,0,0,0,0,0,0,0,0,0,3,3,36,-0.501666667,0.009617631,0.023301919,0,0,1,1.630240436,0.04819654,-0.144941757,-0.226321993,-0.233773679,-0.248112596,-0.281888524,-0.186668129,-0.294045397,-0.219225392,-0.231110698,-0.335818116,-0.248424495,-0.192555716,-0.008605248,-0.361611069,-0.992030377,-0.583738278,-0.619015107,-0.497117451,-0.470161349,-0.245544254,-0.064517703,-0.118313337,-0.052967423,-0.598625079,-0.048100503,-0.028890218,0.031648935,-0.000812425,-1.157507127,0.421290867,0.364324388,-0.217644477,-0.418550545,2,1,TRUE
2014,"Egypt, Arab Rep.",EGY,1163820537,10460127051,1956,7551.418,-1.18,-1.63,-0.72,-0.69,-0.7,-0.58,3.05595E+11,97528654,3133.391023,0,1,1,1,0,0,0,0,0,0,0,0,0,3,3,58,-0.916666667,0.00380837,0.034228679,1,2,1,-0.408379325,1.354783198,0.64426982,0.107421404,0.249372386,-0.236516144,-0.394064503,-0.091704522,-0.294045397,4.390569369,3.469093216,0.881289162,-0.248424495,-1.151715625,-1.619400438,-0.708766824,-0.711217907,-0.634433496,-0.519698443,-0.955243354,0.185946689,-0.606013569,0.418041288,0.268940976,-0.056233243,2.876965914,4.763839805,-0.367017994,0.878672943,-0.604773143,-2.128293887,-0.768562362,-0.669056069,-0.19833666,0.10025936,0,3,TRUE
2005,Spain,ESP,2083418284,8442127005,1973,9232.299,1.13,0.19,1.5,1.3,1.12,1.33,1.15467E+12,43653155,26450.95301,0,0,0,0,0,0,0,0,0,0,0,0,0,3,3,32,1.095,0.001804345,0.007311305,0,0,0,0.030207739,-0.189364671,0.119494173,1.470285983,0.130241701,-0.189004698,-0.432761947,-0.325641294,-0.294045397,-0.219225392,-0.231110698,-0.335818116,-0.248424495,1.230713827,0.284266604,1.557956051,1.358473999,1.210872462,1.377249846,1.265471362,0.717918607,-0.846199377,0.039059753,-0.329482285,1.086755338,-0.598625079,-0.048100503,-0.028890218,0.031648935,-0.000812425,2.907376774,-0.83278618,-0.200881974,-0.059527205,-0.133847772,0,3,TRUE
2003,Ethiopia,ETH,4738059,152762621,1970,8315.988,-1.11,-1.41,-1.07,-1.16,-0.83,-0.78,8623691300,73832663,116.8004911,0,0,0,0,0,0,0,0,0,0,0,0,0,1,1,33,-1.06,0.000549424,0.017714296,0,0,0,-0.208882447,-0.129974368,0.413458426,-0.369254504,-0.359112923,-0.29640068,-0.456994291,-0.235229721,-0.294045397,-0.219225392,-0.231110698,-0.335818116,-0.248424495,-1.079520793,-1.389286839,-1.066133043,-1.200039613,-0.766241065,-0.718331771,-1.113471577,-0.521244788,-0.583720523,0.215055603,0.26109581,-0.232014928,-0.598625079,-0.048100503,-0.028890218,0.031648935,-0.000812425,-2.512379512,-0.391945795,-0.302982039,-0.412658657,0.049610643,0,1,TRUE
2017,Ethiopia,ETH,357469290,2670923789,1970,8315.988,-1.43,-1.68,-0.76,-1.03,-0.47,-0.58,81770886826,109666481,745.6324492,0,0,0,0,0,0,0,1,0,0,0,0,1,3,1.5,47,-0.991666667,0.004371596,0.032663505,0,0,1,-0.208882447,0.701489869,0.762498628,-0.251844314,-0.21045571,-0.278176656,-0.383188699,-0.105307322,-0.294045397,-0.219225392,-0.231110698,-0.335818116,-0.248424495,-1.409554311,-1.671698983,-0.749608678,-1.06483361,-0.401235491,-0.519698443,-1.038037192,-0.258957535,-0.603198552,0.444104693,0.499049108,-0.212911603,-0.598625079,-0.048100503,-0.028890218,0.031648935,-0.000812425,-2.311750811,-0.657467093,-0.876968702,-0.458792445,-0.034422911,1,2,TRUE
2017,Finland,FIN,4250488028,2840038648,1950,6326.875,1.56,1.06,1.98,1.81,2.02,2.16,2.53846E+11,5508214,46085.01747,0,0,0,0,0,0,0,1,0,0,0,0,1,1,1,67,1.765,0.016744348,0.011188032,0,0,1,-0.72789553,1.889295922,-0.252057581,0.024357499,-0.200472177,-0.07704203,-0.144272676,-0.29194897,-0.294045397,-0.219225392,-0.231110698,-0.335818116,-0.248424495,1.674196366,1.19426129,2.048058294,1.888897553,2.123386398,2.20157816,2.005096313,-0.235462196,-0.198710124,-0.272992579,-0.182765044,0.094724068,-0.598625079,-0.048100503,-0.028890218,0.031648935,-0.000812425,4.581774711,-0.452464496,-0.291822026,-0.259130234,0.008846049,0,1,TRUE
2006,Fiji,FJI,1228100,67992056,1975,9104.002,-0.33,-0.03,-0.01,-0.38,0.05,0.18,3076305453,890365,3455.105999,0,1,2,2,1,0,0,0,0,0,0,0,0,1,1,31,-0.086666667,0.000399213,0.022101855,2,3,0,-0.003268399,-0.248754973,-0.297037854,-0.378158736,-0.364117272,-0.296582023,-0.459894842,-0.197097795,-0.294045397,4.390569369,7.169297131,2.09839644,2.363467138,-0.275064095,0.054153006,0.016176077,-0.38880359,0.125994783,0.235108206,-0.038991549,-0.717191414,-0.296273729,-0.066763074,-0.278619766,-0.13320487,5.792232466,6.130367327,3.010733012,0.741990629,-0.151344087,-0.088801845,0.202582729,-0.265000041,-0.40965202,-0.08945766,0,1,TRUE
2014,Fiji,FJI,52923949,287317246,1975,9104.002,-0.18,0.55,-0.4,-0.26,-0.51,0.39,4857104791,917585,5293.356791,0,1,2,2,1,0,0,0,0,0,0,0,0,2,2,39,-0.068333333,0.010896193,0.059154014,2,3,1,-0.003268399,0.226367448,-0.296772717,-0.375300336,-0.351169621,-0.293911133,-0.257199697,0.124919606,-0.294045397,4.390569369,7.169297131,2.09839644,2.363467138,-0.120360884,0.660816129,-0.382031995,-0.263998048,-0.441791665,0.443673201,-0.018753055,-0.674041656,0.02924266,0.10569729,-0.221017043,-0.069248557,5.792232466,6.130367327,3.010733012,0.741990629,-0.151344087,-0.079404853,0.744514186,0.128877947,-0.387484374,0.387527839,1,1,TRUE
2018,Fiji,FJI,25309655,456669990,1975,9104.002,0.15,0.83,0.77,0.04,0.18,0.7,5581425325,917180,6085.419792,0,0,0,0,0,0,0,1,0,0,0,0,1,3,3,43,0.445,0.004534622,0.0818196,0,0,1,-0.003268399,0.463928659,-0.296776662,-0.374137713,-0.341172045,-0.295337839,-0.380040689,0.32190443,-0.294045397,-0.219225392,-0.231110698,-0.335818116,-0.248424495,0.219986181,0.953687982,0.812592222,0.048015807,0.257802352,0.751554861,0.547924768,-0.682633297,0.062365668,0.309543302,-0.325485569,-0.083886286,-0.598625079,-0.048100503,-0.028890218,0.031648935,-0.000812425,1.226765593,0.604453723,-0.182859013,-0.330793732,-0.307201837,2,1,TRUE
2004,France,FRA,7662616614,9925096891,1964,8225.232,1.46,0.35,1.76,1.22,1.43,1.31,2.10979E+12,62707588,33644.92822,1,0,0,0,0,0,0,0,0,0,0,0,0,3,3,40,1.255,0.003631929,0.0047043,1,0,0,-0.232563128,0.285757751,0.305094355,3.003377953,0.217787397,0.099247182,-0.397471555,-0.348298568,1.277066017,-0.219225392,-0.231110698,-0.335818116,-0.248424495,1.571060892,0.451621949,1.823428099,1.275270305,1.525182818,1.357386513,1.442098216,1.792228129,-1.168159503,0.074551188,-0.492190304,2.123469397,0.203663491,-0.451109654,-0.704484521,-0.599718591,0.897962414,3.304397265,-0.817476828,-0.00874482,-0.131541545,-0.435653854,1,2,TRUE
2023,Gabon,GAB,3078683728,744105479,1974,11432.47,-0.92,-0.34,-0.78,-0.7,-0.87,-1.02,19388402542,2484789,7802.836596,0,0,0,1,0,0,0,0,0,0,0,0,0,3,3,49,-0.771666667,0.158789963,0.038378896,1,0,1,0.604291532,0.820270474,-0.281507327,-0.351975827,-0.324203568,-0.137583845,2.598607353,-0.055635313,-0.294045397,-0.219225392,-0.231110698,0.881289162,-0.248424495,-0.883563392,-0.270097974,-0.770029605,-0.721618369,-0.80679724,-0.956691766,-0.795175268,-0.16407568,1.85554663,-1.188206919,1.402778452,0.480734016,0.083624418,-0.283467263,0.025173381,-0.313012221,-0.91683577,-1.817208701,0.422481971,-0.039054171,0.224611504,-0.032303124,0,3,TRUE
1998,United Kingdom,GBR,1953252412,4632541597,1954,8151.353,1.2,0.93,1.86,1.97,1.73,2.05,1.65369E+12,58487141,28274.50451,0,0,0,0,0,0,0,0,0,0,0,0,0,1,1,44,1.623333333,0.001181144,0.002801328,0,0,0,-0.251840147,0.523318961,0.263984985,2.271285929,-0.094653496,-0.195729778,-0.444795855,-0.364837153,-0.294045397,-0.219225392,-0.231110698,-0.335818116,-0.248424495,1.302908659,1.058285072,1.925532733,2.055304943,1.82935413,2.092329829,1.848707953,1.045570055,-1.103087622,0.09132071,-0.323194284,1.760547288,-0.598625079,-0.048100503,-0.028890218,0.031648935,-0.000812425,4.23428431,-0.461655901,-0.532804654,-0.020186147,0.194017894,0,1,TRUE
2004,United Kingdom,GBR,4753101843,14975476375,1954,8151.353,1.6,0.14,1.87,1.73,1.61,1.91,2.42153E+12,59987905,40366.88867,0,0,0,0,0,0,0,0,0,0,0,0,0,3,3,50,1.476666667,0.001962855,0.006184316,0,0,0,-0.251840147,0.879660777,0.278603214,3.503747179,0.515931674,-0.051074253,-0.429701143,-0.335435869,-0.294045397,-0.219225392,-0.231110698,-0.335818116,-0.248424495,1.715450556,0.231968059,1.935743196,1.805693858,1.707685605,1.953286499,1.686800004,2.135326341,-1.283626601,0.130809594,-0.629416569,2.508622571,-0.598625079,-0.048100503,-0.028890218,0.031648935,-0.000812425,3.87801223,-1.259221609,-0.228885321,-0.216244532,-0.042409634,1,2,TRUE
2023,Georgia,GEO,118938905,1960508889,1992,5852.917,0.03,-0.34,0.79,0.95,0.18,0.62,30777833585,3715483,8283.669602,0,0,0,0,0,0,0,1,0,0,1,1,1,1,2,31,0.371666667,0.003864434,0.063698729,0,0,1,-0.851563921,-0.248754973,-0.269519722,-0.333694397,-0.252394367,-0.29050044,-0.392981926,0.164417366,-0.294045397,-0.219225392,-0.231110698,-0.335818116,-0.248424495,0.096223612,-0.270097974,0.833013149,0.994457835,0.257802352,0.672101529,0.466970793,-0.604331911,-0.05283925,0.205049096,-0.305725976,-0.095614554,-0.598625079,-0.048100503,-0.028890218,0.031648935,-0.000812425,1.100840213,-0.694655997,-0.610812365,0.264293642,0.111080109,0,1,TRUE
2015,Equatorial Guinea,GNQ,1165360025,263683911,1970,11235.13,-2,-0.21,-1.18,-1.49,-1.33,-1.57,13185496881,1453923,9068.910032,0,0,0,0,0,0,0,0,0,0,0,0,0,1,1,45,-1.296666667,0.088381958,0.019998026,0,0,1,0.552800218,0.582709264,-0.291548504,-0.361932248,-0.352564792,-0.236436605,1.239039074,-0.215382003,-0.294045397,-0.219225392,-0.231110698,-0.335818116,-0.248424495,-1.997426513,-0.134121757,-1.178448141,-1.543254854,-1.273193251,-1.50293342,-1.374732132,-0.432789428,0.83834346,-0.762277798,0.676114905,0.219181394,-0.598625079,-0.048100503,-0.028890218,0.031648935,-0.000812425,-3.143211658,1.209691039,-0.487185686,0.168897943,-0.211756844,0,1,TRUE
2006,Greece,GRC,104304816,2179914900,1972,7623.437,0.97,0.63,0.63,0.86,0.86,0.36,2.69073E+11,11020362,24416.0233,0,0,0,0,0,0,0,0,0,0,0,0,0,3,3,34,0.718333333,0.000387644,0.008101562,0,0,0,-0.38958763,-0.070584065,-0.198366365,0.04879914,-0.239441945,-0.291256517,-0.460118222,-0.318773237,-0.294045397,-0.219225392,-0.231110698,-0.335818116,-0.248424495,1.065697069,0.744493802,0.669645735,0.900853678,0.947257325,0.413878202,0.84966231,-0.391918348,-0.485073599,-0.107152057,-0.274257998,0.146906793,-0.598625079,-0.048100503,-0.028890218,0.031648935,-0.000812425,1.926477051,-0.04791213,0.409125746,0.26944562,-0.043443272,0,3,TRUE
2005,Croatia,HRV,43825856,573710847,1992,7648.763,0.45,0.43,0.46,0.48,0.08,0.14,45013119282,4310145,10443.52784,0,0,2,0,0,0,0,0,0,0,0,0,0,1,1,13,0.34,0.000973624,0.012745414,0,2,0,-0.382979396,-1.317780421,-0.263727402,-0.310845024,-0.334262651,-0.29438119,-0.448803041,-0.278413882,-0.294045397,-0.219225392,7.169297131,-0.335818116,-0.248424495,0.529392603,0.535299621,0.496067857,0.505636128,0.156411915,0.19538154,0.432013395,-0.653944483,-0.361069896,-0.118528475,-0.249409361,-0.096804206,1.520854848,5.036645905,3.887269776,-2.590447648,1.488986251,0.971958743,0.107590591,0.225807426,0.261125051,-0.098047839,0,1,TRUE
2004,Hungary,HUN,457762765,2652728928,1949,7347.376,1.15,0.83,0.8,1.17,0.85,0.67,1.04121E+11,10107146,10301.70339,0,0,0,0,0,0,0,0,0,0,0,0,0,1,1,55,0.911666667,0.004396458,0.025477411,0,0,0,-0.461619371,1.17661229,-0.207261568,-0.215969938,-0.211529826,-0.272994947,-0.382708628,-0.167761101,-0.294045397,-0.219225392,-0.231110698,-0.335818116,-0.248424495,1.251340922,0.953687982,0.843223613,1.223267995,0.937118282,0.721759861,1.063086425,-0.495698505,-0.283773851,-0.031943979,-0.225569528,-0.050879369,-0.598625079,-0.048100503,-0.028890218,0.031648935,-0.000812425,2.408498669,-0.039966342,0.417618979,0.310704479,0.096791211,0,1,TRUE
2017,Hungary,HUN,4086460818,6050052923,1949,7347.376,0.54,0.8,0.48,0.64,0.54,0.09,1.43112E+11,9787966,14621.2396,0,0,0,0,0,0,0,1,0,0,0,0,1,3,3,68,0.515,0.028554246,0.042274894,0,0,1,-0.461619371,1.948686225,-0.210370549,-0.153384014,-0.010972083,-0.085516572,0.083774724,-0.021775498,-0.294045397,-0.219225392,-0.231110698,-0.335818116,-0.248424495,0.62221453,0.922308855,0.516488784,0.672043518,0.622807926,0.145723208,0.625199017,-0.178876203,0.139874192,-0.13132151,-0.062969858,-0.031163234,-0.598625079,-0.048100503,-0.028890218,0.031648935,-0.000812425,1.408184987,0.363389735,0.273076564,0.383198149,-0.083035373,1,2,TRUE
2005,Indonesia,IDN,8429926876,8348540322,1950,5220.879,-0.12,-1.52,-0.5,-0.65,-0.8,-0.91,2.85869E+11,230871650,1238.214476,0,1,2,0,0,1,0,0,0,0,0,1,0,2,2,55,-0.75,0.029488815,0.029204116,0,3,0,-1.016479635,1.17661229,1.943100613,0.075757495,0.124716902,0.138890624,0.101821122,-0.135372601,-0.294045397,4.390569369,7.169297131,-0.335818116,-0.248424495,-0.058479599,-1.504343639,-0.484136629,-0.66961606,-0.735823934,-0.847443435,-0.771257048,0.715199242,-0.726594414,0.687951373,1.483656245,-0.306333744,3.254456381,7.54157977,1.536998404,-0.087714193,1.05614954,-1.734357099,-1.011004556,0.312711067,-0.010280142,-0.285666423,0,2,TRUE
2013,Indonesia,IDN,31478438465,36943497903,1950,5220.879,0.04,-0.52,-0.24,-0.12,-0.53,-0.66,9.12524E+11,255852467,3566.602845,1,0,0,1,0,1,0,0,0,0,0,1,0,3,3,63,-0.338333333,0.034496006,0.040484954,2,0,1,-1.016479635,1.651734711,2.186426887,1.081616203,1.812792619,1.32970271,0.198509252,-0.037331724,1.277066017,-0.219225392,-0.231110698,0.881289162,-0.248424495,0.106537159,-0.458372736,-0.218664581,-0.118391582,-0.462069753,-0.599151774,-0.316810871,2.949398037,-0.652376502,0.680774547,1.069280436,-0.534221591,0.885912988,-0.686476415,-0.650420922,-0.944379747,-0.018060931,-0.720627438,-0.319645116,0.349300687,0.297400137,-0.127355342,2,1,TRUE
2005,India,IND,9780082933,8936913561,1950,3785.013,0.41,-1.01,-0.1,-0.29,0.13,-0.36,8.20384E+11,1154676322,710.4880804,1,0,1,1,0,0,0,0,0,0,0,0,0,2,2,55,-0.203333333,0.011921351,0.010893577,2,1,0,-1.391135695,1.17661229,10.94144316,0.933719641,0.159450948,0.208647066,-0.237404034,-0.294508054,1.277066017,-0.219225392,3.469093216,0.881289162,-0.248424495,0.488138413,-0.970898478,-0.075718093,-0.295199433,0.207107133,-0.301201781,-0.167781963,3.564843678,-4.57101097,4.664832809,7.916353706,-1.05071338,1.945652952,1.855896789,1.307659075,-2.255428039,0.726838407,-0.36256168,-0.935258633,0.36660829,-0.196012803,-0.290747222,0,2,TRUE
2012,Ireland,IRL,3795383071,2098663630,1979,8290.863,1.32,0.94,1.54,1.56,1.73,1.46,2.27271E+11,4599533,49411.73875,1,0,0,0,0,0,0,0,0,0,0,0,0,2,0.5,33,1.425,0.016699818,0.009234193,1,0,0,-0.215438235,-0.129974368,-0.260908611,-0.01829897,-0.244238536,-0.10055524,-0.145132538,-0.308929626,1.277066017,-0.219225392,-0.231110698,-0.335818116,-0.248424495,1.426671228,1.068744781,1.598797904,1.628886007,1.82935413,1.50636151,1.629764249,-0.29880167,-0.202616315,-0.287614383,-0.169174914,0.083738197,0.203663491,-0.451109654,-0.704484521,-0.599718591,0.897962414,3.72226341,-0.298541796,-0.095088864,0.028266101,-0.023283501,0,2,TRUE
2012,"Iran, Islamic Rep.",IRN,24929440014,11605625979,1971,5609.038,-1.6,-1.32,-0.54,-1.43,-0.92,-0.8,6.44019E+11,79370580,8114.080998,3,1,0,2,0,0,0,0,0,0,0,0,0,2,0.5,41,-1.101666667,0.03870915,0.018020618,5,1,0,-0.915198511,0.345148053,0.467400646,0.650633142,0.316995809,0.991345655,0.27986443,-0.232567502,4.419288845,4.390569369,-0.231110698,2.09839644,-0.248424495,-1.584884617,-1.295149458,-0.524978483,-1.480852083,-0.857492458,-0.738195104,-1.159468154,1.228597611,-0.094189541,-0.243480442,0.204030712,-0.059265184,4.906341158,0.777072387,-4.297817302,-0.049042499,0.430628691,-2.607979266,-0.150318776,-0.842125554,-0.452258977,-0.448679231,0,2,TRUE
2016,"Iran, Islamic Rep.",IRN,14918995746,16727430762,1971,5609.038,-1.34,-0.81,-0.24,-1.25,-0.7,-0.74,4.59043E+11,83812228,5477.037124,3,1,0,2,0,0,0,0,0,0,0,0,0,3,3,45,-0.846666667,0.032500236,0.036439816,5,1,1,-0.915198511,0.582709264,0.510664629,0.353723038,0.619356611,0.47415139,0.159971225,-0.072487706,4.419288845,4.390569369,-0.231110698,2.09839644,-0.248424495,-1.316732384,-0.761704298,-0.218664581,-1.29364377,-0.634433496,-0.678605106,-0.877969105,0.959381227,-0.101624885,0.04125583,0.248992551,-0.15420833,4.906341158,0.777072387,-4.297817302,-0.049042499,0.430628691,-1.979383785,0.145814987,-0.7067976,-0.325147776,-0.595205933,2,1,TRUE
2015,Iraq,IRQ,12656330890,7926950461,1958,6298.444,-1.13,-2.25,-1.2,-1.15,-1.56,-1.43,1.66774E+11,37560535,4440.141893,0,0,0,0,0,0,0,0,0,0,0,0,0,2,2,57,-1.453333333,0.075889065,0.047531063,0,0,1,-0.735313943,1.295392896,0.060148855,-0.115403758,0.099828751,0.357249756,0.99780315,0.023905451,-0.294045397,-0.219225392,-0.231110698,-0.335818116,-0.248424495,-1.100147888,-2.267902398,-1.198869067,-1.189639152,-1.506391257,-1.36389009,-1.54767926,0.345964885,0.74233525,-0.414734688,0.543430181,-0.075282059,-0.598625079,-0.048100503,-0.028890218,0.031648935,-0.000812425,-3.485268562,-1.077499287,-0.118894116,0.021217335,-0.073545237,0,2,TRUE
2017,Israel,ISR,4196979990,9001290160,1992,7146.982,0.7,-0.89,1.35,1.26,0.99,0.79,3.57227E+11,8713300,40997.91102,0,0,0,0,0,0,0,1,0,0,0,0,1,1,1,25,0.7,0.011748773,0.025197669,0,0,1,-0.513907555,-0.605096789,-0.22083836,0.190296577,0.163251358,-0.079806548,-0.240736499,-0.170192316,-0.294045397,-0.219225392,-0.231110698,-0.335818116,-0.248424495,0.787231288,-0.84538197,1.4047991,1.316872152,1.079064894,0.840939859,0.829423817,0.056762794,-0.222821244,-0.113077432,-0.312947559,0.111947519,-0.598625079,-0.048100503,-0.028890218,0.031648935,-0.000812425,1.956872147,-1.642148647,-0.543522696,0.198204454,-0.221578438,0,1,TRUE
2000,Italy,ITA,3078336962,3802274831,1970,8134.695,1.04,0.92,0.72,0.79,0.84,0.7,1.14966E+12,56942108,20190.00356,0,0,0,0,0,0,0,0,0,0,0,0,0,1,1,30,0.835,0.002677603,0.0033073,0,0,0,-0.256186667,-0.308145276,0.248935552,1.462250439,-0.143667493,-0.137601761,-0.415899453,-0.36043979,-0.294045397,-0.219225392,-0.231110698,-0.335818116,-0.248424495,1.1378919,1.047825363,0.761539905,0.828050445,0.926979238,0.751554861,0.978452725,0.620454294,-0.905508519,0.0465664,-0.187046695,1.112894985,-0.598625079,-0.048100503,-0.028890218,0.031648935,-0.000812425,2.207478519,0.186602403,0.411872616,0.029106242,-0.013014769,0,1,TRUE
2004,Italy,ITA,6438403848,9225991643,1970,8134.695,1.18,0.27,0.63,1.08,0.59,0.36,1.81281E+12,57685327,31425.82087,0,0,0,0,0,0,0,0,0,0,0,0,0,3,3,34,0.685,0.003551618,0.005089335,0,0,0,-0.256186667,-0.070584065,0.256174896,2.526683062,0.176516393,0.03599766,-0.39902236,-0.34495226,-0.294045397,-0.219225392,-0.231110698,-0.335818116,-0.248424495,1.282281564,0.367944277,0.669645735,1.129663839,0.673503145,0.413878202,0.812865049,1.468116553,-1.063822672,0.055708605,-0.432154999,1.793010771,-0.598625079,-0.048100503,-0.028890218,0.031648935,-0.000812425,1.849320487,-0.496017035,0.547267182,0.401112812,0.059816537,1,2,TRUE
2005,Jamaica,JAM,220997364,104014104,1972,13446.64,0.42,-0.3,-0.17,0.17,-0.41,-0.34,11243865778,2687066,4184.439749,0,0,0,0,0,0,0,0,0,0,0,0,0,1,1,33,-0.105,0.019654927,0.009250742,0,0,0,1.129842661,-0.129974368,-0.279537043,-0.365048804,-0.361990745,-0.285227542,-0.088069813,-0.3087858,-0.294045397,-0.219225392,-0.231110698,-0.335818116,-0.248424495,0.498451961,-0.228259138,-0.147191337,0.183221811,-0.340401228,-0.281338448,-0.059230043,-0.648322916,-0.119498091,-0.295819129,-0.040320484,-0.057232265,-0.598625079,-0.048100503,-0.028890218,0.031648935,-0.000812425,-0.142678219,-0.344973056,0.549437229,0.2676757,0.054736903,0,1,TRUE
2019,Jamaica,JAM,29583923,670704363,1972,13446.64,0.61,0.39,0.59,0.08,-0.31,-0.11,15830766571,2823271,5607.243007,1,0,0,1,0,0,0,0,0,0,0,0,0,2,2,47,0.208333333,0.001868761,0.042367144,2,0,1,1.129842661,0.701489869,-0.278210335,-0.357686267,-0.328536732,-0.295117007,-0.431518073,-0.020973763,1.277066017,-0.219225392,-0.231110698,0.881289162,-0.248424495,0.694409362,0.493460785,0.628803881,0.089617655,-0.239010791,-0.05291012,0.286664213,-0.67364131,-0.183285371,0.069542701,-0.287022526,-0.111736122,0.885912988,-0.686476415,-0.650420922,-0.944379747,-0.018060931,0.627461342,0.143102985,0.509858851,0.186636289,-0.500088826,1,1,TRUE
2015,Jordan,JOR,287489731,3430809649,1977,7061.988,-0.77,-0.61,0.11,0.1,0.41,0.24,38587017887,9544729,4042.756781,0,0,0,0,0,0,0,1,0,0,0,0,1,2,2,38,-0.086666667,0.007450426,0.088910982,0,0,1,-0.536084776,0.166977145,-0.212739805,-0.321159702,-0.165596581,-0.281792183,-0.32373694,0.383535068,-0.294045397,-0.219225392,-0.231110698,-0.335818116,-0.248424495,-0.728860181,-0.552510118,0.138701638,0.110418578,0.491000358,0.294698205,-0.038991549,-0.515247459,0.103429874,0.37525969,-0.276967272,-0.091295185,-0.598625079,-0.048100503,-0.028890218,0.031648935,-0.000812425,-0.04321118,-0.371347662,-0.946140999,-0.153932042,0.105709995,0,2,TRUE
2005,Kazakhstan,KAZ,2902265950,3898883112,1992,3277.169,-1.03,0.19,-0.67,-0.28,-0.95,-1.01,57123671734,15968117,3577.35804,0,0,0,0,0,0,0,0,0,1,0,0,1,2,2,13,-0.625,0.050806712,0.06825337,0,0,0,-1.523645855,-1.317780421,-0.150172633,-0.291406107,-0.137964316,-0.146698552,0.513466592,0.204001391,-0.294045397,-0.219225392,-0.231110698,-0.335818116,-0.248424495,-0.997012414,0.284266604,-0.657714507,-0.284798971,-0.88790959,-0.946760099,-0.633267318,-0.279849748,0.552228624,-0.092922439,0.240365939,0.023614163,-0.598625079,-0.048100503,-0.028890218,0.031648935,-0.000812425,-1.457126629,0.840176657,-0.128990931,0.619006156,0.130272339,0,2,TRUE
2019,Kazakhstan,KAZ,9273669859,12729100679,1992,3277.169,-1.23,-0.17,0.07,0.11,-0.51,-0.29,1.81667E+11,19209555,9457.126147,0,0,0,0,0,0,0,1,0,1,0,0,2,3,3.5,27,-0.336666667,0.051047578,0.070068244,0,0,1,-1.523645855,-0.486316184,-0.118599325,-0.091498544,0.383319054,0.182482998,0.518117682,0.219774319,-0.294045397,-0.219225392,-0.231110698,-0.335818116,-0.248424495,-1.203283362,-0.09228292,0.097859784,0.12081904,-0.441791665,-0.231680116,-0.314971008,0.315074788,0.582585861,-0.111346892,0.09392709,-0.116684125,-0.598625079,-0.048100503,-0.028890218,0.031648935,-0.000812425,-0.692121734,0.283439035,-0.954390375,0.430332957,0.040882896,2,1,TRUE
2013,Kenya,KEN,52858716,3221778485,1963,9223.831,-0.21,-1.17,-0.48,-0.33,-0.72,-1.04,61671440408,44986791,1370.878852,0,0,0,0,0,0,0,0,0,0,0,0,0,1,1,50,-0.658333333,0.000857102,0.052241012,0,0,1,0.02799821,0.879660777,0.132484488,-0.284106382,-0.177936534,-0.293914504,-0.451053065,0.064839252,-0.294045397,-0.219225392,-0.231110698,-0.335818116,-0.248424495,-0.151301526,-1.138253823,-0.463715703,-0.336801281,-0.654711584,-0.976555099,-0.670064579,-0.439975503,-0.308008803,0.330171501,-0.037785513,-0.152316648,-0.598625079,-0.048100503,-0.028890218,0.031648935,-0.000812425,-1.506732216,-0.730944897,0.263806499,0.350407315,-0.177375583,0,1,TRUE
2017,Kenya,KEN,166805755,5057003534,1963,9223.831,-0.2,-1.13,-0.39,-0.28,-0.43,-0.97,82036510877,49197766,1667.484472,0,0,0,1,0,0,0,0,0,0,0,0,0,3,3,54,-0.566666667,0.002033311,0.061643328,1,0,1,0.02799821,1.117221988,0.173501595,-0.251417955,-0.069595795,-0.288027377,-0.428340638,0.146554034,-0.294045397,-0.219225392,-0.231110698,0.881289162,-0.248424495,-0.140987979,-1.096414987,-0.371821532,-0.284798971,-0.360679316,-0.907033434,-0.568872111,-0.341953716,-0.261414601,0.405461722,-0.029760736,-0.153819721,0.083624418,-0.283467263,0.025173381,-0.313012221,-0.91683577,-1.270872327,-0.742929868,0.171075413,0.314944422,-0.211165847,1,2,TRUE
2013,Kyrgyz Republic,KGZ,62799764,5076342969,1992,3471.802,-0.54,-0.91,-0.65,-0.33,-1.12,-1.16,7335033801,5777150,1269.663035,0,0,0,0,0,0,0,0,0,1,0,0,1,2,2,21,-0.785,0.008561619,0.692068109,0,0,1,-1.47286087,-0.842658,-0.249438003,-0.371322957,-0.06845411,-0.293400895,-0.302279972,5.625526146,-0.294045397,-0.219225392,-0.231110698,-0.335818116,-0.248424495,-0.491648591,-0.866301388,-0.63729358,-0.336801281,-1.060273333,-1.095735096,-0.809894172,-0.423986115,3.222316501,4.469155488,-1.186327852,0.215887146,-0.598625079,-0.048100503,-0.028890218,0.031648935,-0.000812425,-1.835833584,-0.325669764,0.180565431,0.530025196,-0.030638308,0,2,TRUE
2018,Kyrgyz Republic,KGZ,54327492,5556792814,1992,3471.802,-0.35,-0.53,-0.65,-0.4,-0.93,-0.96,8271106235,6444078.5,1283.520403,0,0,0,0,0,0,0,1,0,1,0,0,2,3,3,26,-0.636666667,0.006568347,0.671831875,0,0,1,-1.47286087,-0.545706486,-0.242941769,-0.369820446,-0.040091217,-0.293838619,-0.34076977,5.449654637,-0.294045397,-0.219225392,-0.231110698,-0.335818116,-0.248424495,-0.29569119,-0.468832445,-0.63729358,-0.409604514,-0.867631502,-0.897101767,-0.64614636,-0.41324585,3.091533404,4.349933632,-1.177511433,0.188216245,-0.598625079,-0.048100503,-0.028890218,0.031648935,-0.000812425,-1.478389809,-0.033153684,0.337202785,0.341391174,-0.011841712,2,1,TRUE
2006,Cambodia,KHM,35087363,697674701,1958,3351.089,-0.93,-0.35,-0.98,-0.62,-1.24,-1.26,8350531017,13639028,612.2526486,0,0,0,1,0,1,0,0,0,0,0,1,0,1,0.5,48,-0.896666667,0.004201812,0.083548543,1,0,0,-1.504358138,0.760880172,-0.172859183,-0.36969296,-0.326944565,-0.294832669,-0.386467201,0.336930535,-0.294045397,-0.219225392,-0.231110698,0.881289162,-0.248424495,-0.89387694,-0.280557683,-0.974238873,-0.638414674,-1.181941858,-1.19505176,-0.933164997,-0.639637378,0.020333676,0.378738176,-0.241414871,-0.102704847,0.083624418,-0.283467263,0.025173381,-0.313012221,-0.91683577,-2.138391672,0.461691795,0.138870233,0.469184175,0.090569545,0,1,TRUE
2010,Cambodia,KHM,94728582,1347272215,1958,3351.089,-0.93,-0.5,-0.96,-0.49,-1.12,-1.25,13808673288,14500726,952.2746163,0,0,0,0,0,1,0,0,0,0,0,1,0,3,0.5,52,-0.875,0.006860078,0.097567101,0,0,0,-1.504358138,0.998441382,-0.164465792,-0.360931974,-0.288596202,-0.291751277,-0.335136469,0.458764713,-0.294045397,-0.219225392,-0.231110698,-0.335818116,-0.248424495,-0.89387694,-0.437453318,-0.953817946,-0.50320867,-1.060273333,-1.185120094,-0.909246777,-0.600187817,0.123473853,0.458233241,-0.234139002,-0.089206504,-0.598625079,-0.048100503,-0.028890218,0.031648935,-0.000812425,-2.074257428,0.276220331,0.062886602,0.525747812,0.136689176,1,2,TRUE
2003,"Korea, Rep.",KOR,43160536144,20104849210,1992,955.6511,0.72,0.25,0.79,0.72,0.8,0.54,7.02715E+11,47892330,14672.80575,0,0,0,0,0,0,0,0,0,0,0,0,0,1,1,11,0.636666667,0.061419701,0.028610252,0,0,0,-2.129392317,-1.436561026,0.160785963,0.744846659,0.818739248,1.933263727,0.718401847,-0.140533825,-0.294045397,-0.219225392,-0.231110698,-0.335818116,-0.248424495,0.807858383,0.347024859,0.833013149,0.755247213,0.886423063,0.592648198,0.75950902,2.062835614,0.510455712,-0.635463732,-0.0612795,-0.418291392,-0.598625079,-0.048100503,-0.028890218,0.031648935,-0.000812425,1.738387628,-0.324695491,0.047620494,0.059139911,-0.142799959,0,1,TRUE
2008,"Korea, Rep.",KOR,1.12154E+11,73905188005,1992,955.6511,0.66,0.42,0.99,0.73,0.86,0.43,1.04734E+12,49054708,21350.42798,0,0,0,0,0,0,0,0,0,0,0,0,0,2,2,16,0.681666667,0.107084433,0.070564724,0,0,0,-2.129392317,-1.139609513,0.172108135,1.298010554,3.994790314,5.497827883,1.600181138,0.224089184,-0.294045397,-0.219225392,-0.231110698,-0.335818116,-0.248424495,0.745977099,0.524839912,1.037222417,0.765647674,0.947257325,0.483399867,0.809185323,6.261732702,1.860155914,-1.24945965,-0.840488206,-2.305255481,-0.598625079,-0.048100503,-0.028890218,0.031648935,-0.000812425,1.851145847,-0.170742829,-0.026157797,0.183249746,-0.331038402,1,1,TRUE
2018,Kuwait,KWT,15343866351,3312647899,1971,6225.544,-0.6,0.09,-0.12,0.01,0.19,-0.32,1.38646E+11,4323515,32067.96237,0,0,0,0,0,0,0,1,0,0,0,0,1,2,2,47,-0.125,0.110669124,0.023892794,0,0,1,-0.754335514,0.701489869,-0.263597171,-0.160552297,-0.172572146,0.496102527,1.669400992,-0.18153288,-0.294045397,-0.219225392,-0.231110698,-0.335818116,-0.248424495,-0.553529875,0.179669514,-0.09613902,0.016814422,0.267941396,-0.261475115,-0.081308399,0.245504228,1.212504734,-1.016616881,0.734817275,0.07717721,-0.598625079,-0.048100503,-0.028890218,0.031648935,-0.000812425,-0.175110569,0.345155823,-0.388287248,0.220115933,0.01715604,0,2,TRUE
2009,Lao PDR,LAO,336572086,372632007,1961,2778.652,-1.7,-0.16,-0.96,-1.07,-1.05,-1.25,5836137330,6241642,935.0323728,0,0,0,0,0,1,0,0,0,0,0,1,0,3,3,48,-1.031666667,0.057670351,0.063849081,0,0,0,-1.653722349,0.760880172,-0.244913607,-0.373728869,-0.346133146,-0.27925632,0.646002444,0.165724064,-0.294045397,-0.219225392,-0.231110698,-0.335818116,-0.248424495,-1.688020091,-0.081823211,-0.953817946,-1.106435457,-0.989300027,-1.185120094,-1.082193905,-0.522991489,0.642627939,-0.199940998,0.319418745,0.117358064,-0.598625079,-0.048100503,-0.028890218,0.031648935,-0.000812425,-2.471009093,0.985577595,-0.486306629,0.219794352,-0.082267788,0,3,TRUE
2005,Sri Lanka,LKA,36599071,941165731,1957,5171.491,-0.21,-1.15,-0.31,-0.42,0.16,-0.34,24405791045,20216524,1207.219948,0,0,0,0,0,0,0,0,0,0,0,0,0,1,1,48,-0.378333333,0.001499606,0.038563214,0,0,0,-1.029366293,0.760880172,-0.108790919,-0.343922305,-0.312570307,-0.294754566,-0.438646407,-0.054033422,-0.294045397,-0.219225392,-0.231110698,-0.335818116,-0.248424495,-0.151301526,-1.117334405,-0.290137825,-0.430405437,0.237524264,-0.281338448,-0.360967585,-0.613505168,-0.272858622,0.121563461,-0.162772918,-0.133558546,-0.598625079,-0.048100503,-0.028890218,0.031648935,-0.000812425,-0.788392127,-0.812517201,-0.125446832,-0.281603342,-0.127101406,0,1,TRUE
2013,Sri Lanka,LKA,182350399,3437268652,1957,5171.491,-0.59,-0.61,-0.17,-0.17,-0.27,-0.22,77000578167,20585000,3740.615893,0,0,0,0,0,0,0,0,0,0,0,0,0,2,2,56,-0.338333333,0.002368169,0.044639517,0,0,1,-1.029366293,1.236002593,-0.105201769,-0.259501242,-0.16521528,-0.287224255,-0.421874578,-0.001224743,-0.294045397,-0.219225392,-0.231110698,-0.335818116,-0.248424495,-0.543216328,-0.552510118,-0.147191337,-0.170393891,-0.198454616,-0.162158451,-0.316810871,-0.47589632,-0.241862912,0.16180465,-0.195803701,-0.103206709,-0.598625079,-0.048100503,-0.028890218,0.031648935,-0.000812425,-0.699427088,-0.248931873,-0.406069323,-0.002454254,0.019209651,1,1,TRUE
1999,Morocco,MAR,55489396,253831206,1958,9951.105,-0.35,0.12,0.02,0,0.11,-0.07,46266428648,28027179,1650.770085,0,0,0,0,0,0,0,0,0,0,0,0,0,1,1,41,-0.028333333,0.001199345,0.005486293,0,0,0,0.217763559,0.345148053,-0.032711038,-0.308833309,-0.353146437,-0.293778588,-0.444444409,-0.341502328,-0.294045397,-0.219225392,-0.231110698,-0.335818116,-0.248424495,-0.29569119,0.211048641,0.046807467,0.00641396,0.186829046,-0.013183455,0.025403658,-0.602449647,-0.482579361,-0.068616938,-0.060458024,-0.127048767,-0.598625079,-0.048100503,-0.028890218,0.031648935,-0.000812425,0.061292334,0.264198457,-0.263148267,0.048736178,-0.015648636,0,1,TRUE
2016,Morocco,MAR,549980052,3164016439,1958,9951.105,-0.62,-0.32,-0.19,-0.16,-0.27,-0.19,1.11573E+11,35023457,3185.663454,0,0,0,0,0,0,0,0,0,0,0,0,0,2,2,58,-0.291666667,0.004929332,0.028358276,0,0,1,0.217763559,1.354783198,0.035436383,-0.204008364,-0.181346461,-0.268230498,-0.372418908,-0.142723729,-0.294045397,-0.219225392,-0.231110698,-0.335818116,-0.248424495,-0.57415697,-0.249178556,-0.167612264,-0.159993429,-0.198454616,-0.132363452,-0.265294706,-0.403263427,-0.353309012,0.090511285,-0.048795117,-0.082837727,-0.598625079,-0.048100503,-0.028890218,0.031648935,-0.000812425,-0.591551808,0.033163063,-0.38403736,0.018441572,0.059854684,1,1,TRUE
2014,Maldives,MDV,380248,104041149,1972,5862.359,-0.35,0.68,-0.23,-0.37,-0.49,-0.32,3697353039,413617,8939.074166,0,0,0,0,0,0,0,0,0,0,0,0,0,1,1,42,-0.18,0.000102843,0.02813936,0,0,1,-0.849100249,0.404538356,-0.30168163,-0.377161879,-0.361989148,-0.296625828,-0.46561769,-0.144626309,-0.294045397,-0.219225392,-0.231110698,-0.335818116,-0.248424495,-0.29569119,0.796792347,-0.208454118,-0.378403128,-0.421513578,-0.261475115,-0.14202388,-0.716734871,-0.267690083,-0.025264835,-0.294730475,-0.129974086,-0.598625079,-0.048100503,-0.028890218,0.031648935,-0.000812425,-0.358903073,0.975421671,0.149414165,0.062954245,-0.069194558,0,1,TRUE
2003,Mexico,MEX,1676995189,3267794409,1972,12467.17,0.35,-0.12,0.13,0.34,-0.38,-0.24,7.6555E+11,102978515,7434.074649,0,0,0,0,0,0,0,0,0,0,0,0,0,2,2,31,0.013333333,0.002190576,0.004268558,0,0,0,0.874272593,-0.248754973,0.697354328,0.845704695,-0.175220029,-0.210002736,-0.425303882,-0.352085572,-0.294045397,-0.219225392,-0.231110698,-0.335818116,-0.248424495,0.426257129,-0.039984375,0.159122565,0.360029663,-0.309984097,-0.182021784,0.071400235,0.353662298,-0.962045348,0.25223339,0.265305266,0.599989369,-0.598625079,-0.048100503,-0.028890218,0.031648935,-0.000812425,0.157537046,-0.246541782,0.359227299,0.384995576,-0.039467249,0,2,TRUE
2013,Mexico,MEX,10271068120,28970338464,1972,12467.17,0.11,-0.71,0.3,0.42,-0.55,-0.59,1.32744E+12,118343573,11216.80085,0,0,0,0,0,0,0,0,0,0,0,0,0,3,3,41,-0.17,0.007737522,0.021824278,0,0,1,0.874272593,0.345148053,0.84701806,1.747600928,1.342104848,0.234014044,-0.318193154,-0.199510193,-0.294045397,-0.219225392,-0.231110698,-0.335818116,-0.248424495,0.178731991,-0.657107208,0.332700443,0.443233357,-0.48234784,-0.529630109,-0.130984702,2.003547529,-0.910846377,0.370154609,-0.037134727,0.7079791,-0.598625079,-0.048100503,-0.028890218,0.031648935,-0.000812425,-0.276486773,-0.73868947,0.098811955,0.681933755,-0.244284191,2,1,TRUE
2011,Myanmar,MMR,1677435481,4824966766,1950,3234.079,-1.85,-1.11,-1.61,-2.1,-1.44,-1.59,59977326086,49419820,1213.628987,5,1,0,4,1,1,0,0,0,0,0,1,0,3,3,61,-1.616666667,0.027967827,0.080446513,9,1,0,-1.534889195,1.532954106,0.175664518,-0.286825643,-0.083293862,-0.209979988,0.072451064,0.309971039,7.561511674,4.390569369,-0.231110698,4.532610996,2.363467138,-1.842723302,-1.075495569,-1.617498067,-2.177683026,-1.384722732,-1.522796752,-1.72798584,-0.25370351,0.188356549,0.32110577,0.220880445,-0.094266913,9.048694384,-1.440158358,-4.175271301,-0.482072729,1.020684742,-3.938098456,0.53365818,-0.253612523,-0.417110514,-0.228538538,0,3,TRUE
2002,Mongolia,MNG,223416526,140029903,1949,1172.047,0.38,1.17,-0.12,-0.1,0.24,0.03,1396555720,2449027,570.2492132,0,0,0,0,0,0,0,0,0,0,0,0,0,1,0.5,53,0.266666667,0.159976808,0.100268039,0,0,0,-2.072928806,1.057831685,-0.281855668,-0.38085494,-0.359864587,-0.285102555,2.621525147,0.482238354,-0.294045397,-0.219225392,-0.231110698,-0.335818116,-0.248424495,0.457197771,1.309318089,-0.09613902,-0.097590658,0.318636614,0.08613321,0.35105942,-0.269778453,2.169381986,-0.750184733,1.362432684,0.578922913,-0.598625079,-0.048100503,-0.028890218,0.031648935,-0.000812425,0.749023909,1.058050289,0.57913561,-0.086673903,0.012929523,0,1,TRUE
2011,Mongolia,MNG,3665831923,2733429009,1949,1172.047,0.05,0.61,-0.58,-0.24,-0.26,-0.7,10409797378,2786317,3736.042015,0,0,0,0,0,0,0,0,0,0,0,0,0,2,2,62,-0.186666667,0.352152092,0.262582345,0,0,0,-2.072928806,1.592344409,-0.278570286,-0.366387585,-0.206765774,-0.10724856,6.332401734,1.892899207,-0.294045397,-0.219225392,-0.231110698,-0.335818116,-0.248424495,0.116850707,0.723574383,-0.565820337,-0.243197124,-0.188315572,-0.63887844,-0.149383333,0.457717049,5.519125473,-1.140309202,3.171357066,1.375678908,-0.598625079,-0.048100503,-0.028890218,0.031648935,-0.000812425,-0.380322585,0.812581491,0.655177595,0.286222308,0.056730291,1,1,TRUE
2014,Mongolia,MNG,5071649336,2215542687,1949,1172.047,0.24,0.79,-0.43,-0.28,-0.33,-0.47,12226514668,2963113,4126.239758,0,0,0,0,0,0,0,0,0,0,0,0,0,3,3,65,-0.08,0.414807447,0.181208034,0,0,1,-2.072928806,1.770515317,-0.276848201,-0.363471532,-0.237338693,-0.034616349,7.542267465,1.185681478,-0.294045397,-0.219225392,-0.231110698,-0.335818116,-0.248424495,0.312808107,0.911849146,-0.412663386,-0.284798971,-0.259288878,-0.410450112,-0.031632097,0.639134777,5.924867568,-2.18797782,3.968734216,1.569124253,-0.598625079,-0.048100503,-0.028890218,0.031648935,-0.000812425,-0.122749223,0.899718248,0.758397278,0.13017812,0.000679257,2,1,TRUE
2016,Mozambique,MOZ,479867579,1379856427,1975,11347.11,-0.42,-1.1,-0.95,-0.75,-1.08,-0.9,12069051237,27337105,441.4897348,0,0,0,0,0,0,0,0,0,0,0,0,0,3,3,41,-0.866666667,0.039760174,0.114330149,0,0,1,0.582018812,0.345148053,-0.039432721,-0.36372428,-0.286672625,-0.271852892,0.30015956,0.604451047,-0.294045397,-0.219225392,-0.231110698,-0.335818116,-0.248424495,-0.367886022,-1.06503586,-0.943607482,-0.773620678,-1.019717158,-0.837511769,-0.900047462,-0.466535374,0.592682954,0.372219291,0.191672793,0.030076997,-0.598625079,-0.048100503,-0.028890218,0.031648935,-0.000812425,-2.048117918,-0.415260159,0.338154002,-0.026808361,0.069567327,0,3,TRUE
2013,Malaysia,MYS,60053944535,45933796030,1974,4355.047,-0.34,0.05,0.99,0.57,0.34,0.33,3.23276E+11,30174265,10713.64076,0,0,0,0,0,1,0,0,0,0,0,1,0,3,3,39,0.323333333,0.185766654,0.142088378,0,0,1,-1.242398492,0.226367448,-0.011797293,0.135801292,2.34352619,2.806069539,3.119523296,0.845695631,-0.294045397,-0.219225392,-0.231110698,-0.335818116,-0.248424495,-0.285377643,0.137830678,1.037222417,0.599240285,0.420027052,0.384083203,0.413614764,3.394611696,3.081701342,-1.025595873,0.723856433,-1.1072059,-0.598625079,-0.048100503,-0.028890218,0.031648935,-0.000812425,0.973841285,-0.127630294,-0.832161989,0.272884185,-0.322566135,0,3,TRUE
2018,Namibia,NAM,502923033,323711070,1990,12372.95,0.47,0.69,0.11,0,0.33,0.31,13682019076,2577327,5308.608134,0,0,0,0,0,0,0,0,0,0,0,0,0,3,3,28,0.318333333,0.036757954,0.023659598,0,0,1,0.84968806,-0.426925881,-0.280605959,-0.36113527,-0.349021147,-0.270661721,0.242187136,-0.183559571,-0.294045397,-0.219225392,-0.231110698,-0.335818116,-0.248424495,0.550019698,0.807252056,0.138701638,0.00641396,0.409888008,0.36421987,0.408095175,-0.583619271,0.178196194,-0.331115772,0.119593271,0.016709757,-0.598625079,-0.048100503,-0.028890218,0.031648935,-0.000812425,0.899381847,0.492484441,0.387830015,-0.250896201,-0.022208585,0,3,TRUE
2006,Nigeria,NGA,277751638,2855671246,1971,11466.06,-0.62,-2.03,-0.97,-0.95,-1.08,-1.13,2.38455E+11,149077334,1599.538916,0,0,1,0,0,0,0,0,0,0,0,0,0,2,2.5,35,-1.13,0.001164797,0.011975724,0,1,0,0.613056066,-0.011193763,1.146381029,-0.000347164,-0.199549322,-0.282295306,-0.445111522,-0.285103198,-0.294045397,-0.219225392,3.469093216,-0.335818116,-0.248424495,-0.57415697,-2.037788799,-0.964028409,-0.981629915,-1.019717158,-1.065940097,-1.190745826,-0.030996753,-0.944732537,0.503174372,0.739853829,-0.09549481,0.461114884,2.494272701,1.929189779,-1.279399357,0.744086913,-2.676981673,-1.162108191,0.095508918,-0.10322764,-0.10603434,0,2,TRUE
2014,Netherlands,NLD,9368526092,64923312993,1954,7831.141,1.55,1.05,1.84,1.76,1.97,1.96,9.01557E+11,16865008,53457.22349,0,0,0,0,0,0,0,0,0,0,0,0,0,1,1.5,60,1.688333333,0.010391502,0.072012473,0,0,1,-0.33539207,1.473563803,-0.141436444,1.064011808,3.464553993,0.18738379,-0.2669452,0.236671456,-0.294045397,-0.219225392,-0.231110698,-0.335818116,-0.248424495,1.663882819,1.183801581,1.905111806,1.836895244,2.072691179,2.002944831,1.920462613,2.587212679,-0.033844047,0.296848522,-0.997436538,-0.20356048,-0.598625079,-0.048100503,-0.028890218,0.031648935,-0.000812425,4.386262434,-0.409340547,-0.183573404,-0.171401564,0.013969431,0,1,TRUE
2019,Nepal,NPL,33538072,1482477643,1955,3160.925,-0.15,-0.45,-1.09,-0.74,-0.55,-0.69,34186180699,28414064,1203.142947,0,0,0,0,0,0,0,1,0,0,0,0,1,2,2,64,-0.611666667,0.000981042,0.043364822,0,0,1,-1.553977041,1.711125014,-0.028942575,-0.328223584,-0.280614481,-0.294912714,-0.448659806,-0.01230302,-0.294045397,-0.219225392,-0.231110698,-0.335818116,-0.248424495,-0.089420242,-0.385154773,-1.08655397,-0.763220216,-0.48234784,-0.628946773,-0.618548414,-0.566514008,-0.28680501,0.194524549,-0.122630681,-0.140536657,-0.598625079,-0.048100503,-0.028890218,0.031648935,-0.000812425,-1.428288071,0.08675604,0.586940081,-0.205715375,0.216481558,1,1,TRUE
2014,New Zealand,NZL,9504660500,4741595014,1972,11041.03,1.52,1.47,1.92,1.94,2,2.25,2.01338E+11,4516500,44578.22539,0,0,0,0,0,0,0,0,0,0,1,1,0,3,3,42,1.85,0.047207589,0.023550475,0,0,1,0.502154307,0.404538356,-0.261717396,-0.059925196,-0.088215633,0.194417238,0.443968045,-0.184507951,-0.294045397,-0.219225392,-0.231110698,-0.335818116,-0.248424495,1.632942176,1.62310936,1.986795513,2.024103557,2.103108311,2.290963158,2.09892933,0.013239761,0.32509711,-0.474155106,0.071352359,0.007133012,-0.598625079,-0.048100503,-0.028890218,0.031648935,-0.000812425,4.78313388,-0.081849315,-0.273652058,-0.179259535,0.171196693,0,3,TRUE
2018,Oman,OMN,18898511468,2864610829,1978,5658.039,-1.04,0.64,0.13,0.16,0.44,0.22,91505851756,4597877,19901.76156,0,0,0,0,0,0,0,1,0,0,0,0,1,2,2,40,0.091666667,0.206527901,0.03130522,0,0,1,-0.902412833,0.285757751,-0.260924741,-0.236218505,-0.199021582,0.679754923,3.520419933,-0.117112071,-0.294045397,-0.219225392,-0.231110698,-0.335818116,-0.248424495,-1.007325961,0.754953511,0.159122565,0.172821349,0.521417489,0.274834872,0.157873799,0.548382818,2.534287782,-1.733806269,1.756540741,0.348018313,-0.598625079,-0.048100503,-0.028890218,0.031648935,-0.000812425,0.370042077,0.878920688,-0.978891552,0.073570169,0.160286156,0,2,TRUE
2005,Pakistan,PAK,832795891,3423029686,1951,3882.877,-0.98,-1.75,-0.46,-0.64,-0.89,-1.06,1.45209E+11,175453212,827.6198612,0,0,0,0,0,0,0,0,0,0,0,0,0,2,1.5,54,-0.963333333,0.005735171,0.023573194,0,0,0,-1.365600345,1.117221988,1.40329593,-0.150019089,-0.166055864,-0.253618686,-0.356858274,-0.184310497,-0.294045397,-0.219225392,-0.231110698,-0.335818116,-0.248424495,-0.945444677,-1.744916946,-0.443294776,-0.659215598,-0.827075327,-0.996418431,-1.00675952,0.006394213,-0.886401172,0.652523398,0.980772888,-0.247719762,-0.598625079,-0.048100503,-0.028890218,0.031648935,-0.000812425,-2.244151336,-0.949272425,-0.445534295,0.183506356,-0.279540684,0,2,TRUE
2013,Pakistan,PAK,3207065704,11015599865,1951,3882.877,-0.8,-2.6,-0.8,-0.71,-0.86,-0.96,2.58657E+11,211073978,1225.434012,0,0,1,1,0,0,0,0,0,0,1,1,0,3,3.5,62,-1.121666667,0.012398902,0.042587635,1,1,1,-1.365600345,1.592344409,1.750260893,0.032079892,0.282164187,-0.130950931,-0.228182595,-0.019057488,-0.294045397,-0.219225392,3.469093216,0.881289162,-0.248424495,-0.759800824,-2.633992213,-0.790450531,-0.732018831,-0.796658196,-0.897101767,-1.181546511,0.539861449,-0.8328642,0.87604259,1.169338315,-0.292903724,1.143364381,2.25890594,1.983253378,-1.624060513,-0.171936432,-2.622504859,-1.754394606,-0.342440995,-0.097636239,-0.047937996,2,1,TRUE
2005,Peru,PER,2264666172,608885377,1971,16666.29,-0.01,-0.98,-0.7,0.01,-0.7,-0.37,76060606061,28101180,2706.669473,0,0,0,0,0,0,0,0,0,0,0,0,0,1,0.5,34,-0.458333333,0.029774495,0.008005266,0,0,0,1.969935946,-0.070584065,-0.031990229,-0.261010012,-0.332186157,-0.179640441,0.107337567,-0.319610137,-0.294045397,-0.219225392,-0.231110698,-0.335818116,-0.248424495,0.054969422,-0.939519351,-0.688345897,0.016814422,-0.634433496,-0.311133448,-0.449281012,-0.425776775,-0.091153983,-0.288713325,0.216244451,-0.02609965,-0.598625079,-0.048100503,-0.028890218,0.031648935,-0.000812425,-1.012934487,-0.719561931,0.314479758,0.11495348,0.42069562,0,1,TRUE
2008,Peru,PER,4675616940,2770453822,1971,16666.29,0.15,-0.89,-0.43,0.32,-0.73,-0.21,1.20551E+11,28719041,4197.584446,0,0,0,0,0,0,0,0,0,0,0,0,0,2,2,37,-0.298333333,0.038785514,0.022981668,0,0,0,1.969935946,0.107586843,-0.025971939,-0.189598134,-0.20458005,-0.055077547,0.281339009,-0.189451409,-0.294045397,-0.219225392,-0.231110698,-0.335818116,-0.248424495,0.219986181,-0.84538197,-0.412663386,0.339228739,-0.664850627,-0.152226785,-0.272654158,-0.21890291,0.109213476,-0.270701928,0.243392104,-0.016543514,-0.598625079,-0.048100503,-0.028890218,0.031648935,-0.000812425,-0.609236281,-0.811494565,0.295972059,0.26205195,0.424692837,1,1,TRUE
2013,Peru,PER,8488543149,6185932404,1971,16666.29,0.08,-0.81,-0.15,0.41,-0.57,-0.46,2.01176E+11,29817919,6746.800257,0,0,0,0,0,0,0,0,0,0,1,1,0,3,3,42,-0.25,0.042194707,0.030748928,0,0,1,1.969935946,0.404538356,-0.01526829,-0.060185244,-0.002950569,0.141919061,0.347170036,-0.121946757,-0.294045397,-0.219225392,-0.231110698,-0.335818116,-0.248424495,0.147791349,-0.761704298,-0.12677041,0.432832895,-0.502625928,-0.400518446,-0.219298129,0.08626228,0.200443146,-0.26694764,0.189260433,-0.043889163,-0.598625079,-0.048100503,-0.028890218,0.031648935,-0.000812425,-0.480405989,-0.766776534,0.179009612,0.525649453,0.152942083,2,1,TRUE
2005,Philippines,PHL,12870401026,4689051993,1975,2850.319,-0.01,-1.18,-0.02,-0.22,-0.33,-0.66,1.0742E+11,88015962,1220.460186,0,0,0,1,0,1,0,0,0,0,0,1,0,1,0.5,30,-0.403333333,0.11981385,0.043651582,1,0,0,-1.635022501,-0.308145276,0.551611206,-0.210674388,-0.091317459,0.368309789,1.84598431,-0.009810808,-0.294045397,-0.219225392,-0.231110698,0.881289162,-0.248424495,0.054969422,-1.148713532,0.005965614,-0.2223962,-0.259288878,-0.599151774,-0.388565531,0.438817333,1.121819689,-0.569561273,1.440038176,0.008667051,0.083624418,-0.283467263,0.025173381,-0.313012221,-0.91683577,-0.855402671,-0.945049409,0.091631314,0.155672547,-0.367045942,0,1,TRUE
2014,Papua New Guinea,PNG,1418414416,636697454,1976,6343.974,0.01,-0.34,-0.61,-0.35,-0.77,-0.91,23210823987,8523441,2723.175298,0,0,0,0,0,0,0,0,0,0,0,0,0,2,2,38,-0.495,0.061110041,0.027431058,0,0,1,-0.723433941,0.166977145,-0.222687686,-0.345840373,-0.330544298,-0.223362432,0.71242237,-0.15078211,-0.294045397,-0.219225392,-0.231110698,-0.335818116,-0.248424495,0.075596517,-0.270097974,-0.596451727,-0.357602204,-0.705406802,-0.847443435,-0.489757999,-0.458130307,0.496388297,-0.4740047,0.409912706,0.098658514,-0.598625079,-0.048100503,-0.028890218,0.031648935,-0.000812425,-1.132735629,0.001992723,0.625715481,0.309332765,-0.041381071,0,2,TRUE
2018,Papua New Guinea,PNG,2825845569,785575404,1976,6343.974,0.06,-0.66,-0.66,-0.53,-0.76,-0.87,24109780708,9394513,2566.368337,0,0,0,0,0,0,0,1,0,0,0,0,1,3,3,42,-0.57,0.117207436,0.032583266,0,0,1,-0.723433941,0.404538356,-0.214202988,-0.344397437,-0.321755431,-0.150646846,1.795654834,-0.106004672,-0.294045397,-0.219225392,-0.231110698,-0.335818116,-0.248424495,0.127164254,-0.604808663,-0.647504044,-0.544810518,-0.695267759,-0.807716769,-0.572551837,-0.259771226,1.258062506,-0.87729177,1.007458333,0.302788484,-0.598625079,-0.048100503,-0.028890218,0.031648935,-0.000812425,-1.314983044,-0.267229116,0.64355468,0.102517967,-0.091221223,2,1,TRUE
2004,Poland,POL,487069300,1843660588,1949,6947.899,1.02,0.15,0.44,0.76,0.42,0.11,2.56269E+11,38182222,6711.727153,0,0,0,0,0,0,0,0,0,0,0,0,0,1,1,55,0.483333333,0.00190062,0.007194249,0,0,0,-0.565853665,1.17661229,0.066204413,0.028245936,-0.259292394,-0.271480811,-0.430902888,-0.326658619,-0.294045397,-0.219225392,-0.231110698,-0.335818116,-0.248424495,1.117264806,0.242427768,0.47564693,0.79684906,0.501139401,0.165586541,0.590241618,-0.329325322,-0.562634631,-0.012965369,-0.055154421,0.094342274,-0.598625079,-0.048100503,-0.028890218,0.031648935,-0.000812425,1.339496875,-0.423350502,0.594382269,0.340975364,-0.035372871,0,1,TRUE
2011,Poland,POL,2050282052,10939844225,1949,6947.899,1.03,1.07,0.6,0.96,0.79,0.56,5.27849E+11,38063255,13867.66694,0,0,0,0,0,0,0,0,0,0,0,0,0,2,2,62,0.835,0.003884224,0.020725347,0,0,0,-0.565853665,1.592344409,0.065045612,0.464164853,0.277692026,-0.190716697,-0.39259978,-0.209060914,-0.294045397,-0.219225392,-0.231110698,-0.335818116,-0.248424495,1.127578353,1.204720999,0.639014345,1.004858297,0.876284019,0.612511531,0.978452725,0.261288079,-0.521602789,0.071099333,-0.21833552,0.273538099,-0.598625079,-0.048100503,-0.028890218,0.031648935,-0.000812425,2.203062269,0.317923159,0.493658591,0.256449209,0.117809092,1,1,TRUE
2016,Poland,POL,2531096777,15247330377,1949,6947.899,0.84,0.5,0.65,0.91,0.59,0.76,4.7326E+11,37970087,12464.01105,0,0,0,0,0,0,0,1,0,0,0,0,1,3,3,67,0.708333333,0.005348221,0.03221769,0,0,1,-0.565853665,1.889295922,0.064138107,0.3765429,0.531980313,-0.16587518,-0.364330218,-0.10918187,-0.294045397,-0.219225392,-0.231110698,-0.335818116,-0.248424495,0.931620952,0.608517584,0.690066662,0.952855987,0.673503145,0.811144859,0.838623132,0.379730821,-0.411920739,0.13705717,-0.245553874,0.136575851,-0.598625079,-0.048100503,-0.028890218,0.031648935,-0.000812425,1.904549965,-0.15886833,0.195872953,0.074798495,0.157509676,2,1,TRUE
2005,Portugal,PRT,323942266,914096803,1979,9675.63,1.43,1.02,1.05,1.28,1.22,1.06,1.97254E+11,10503330,18780.12751,0,0,0,0,0,0,0,0,0,0,0,0,0,3,3,26,1.176666667,0.001642261,0.004634113,0,0,0,0.145884722,-0.545706486,-0.203402528,-0.066479998,-0.314168295,-0.279908846,-0.435891768,-0.348908559,-0.294045397,-0.219225392,-0.231110698,-0.335818116,-0.248424495,1.54012025,1.152422453,1.098485198,1.337673076,1.3122629,1.109094852,1.355624652,-0.4881882,-0.462689406,-0.148968826,-0.231522282,0.074243706,-0.598625079,-0.048100503,-0.028890218,0.031648935,-0.000812425,3.0730495,-0.060336325,0.424531335,0.099745381,0.069215885,0,3,TRUE
2014,Qatar,QAT,8311622406,2253757920,1988,6164.891,-1.13,0.98,0.96,0.57,0.86,0.98,2.06225E+11,2151745,95840.63101,0,0,0,0,0,0,0,0,0,0,0,0,0,2,2,26,0.536666667,0.040303739,0.010928657,0,0,1,-0.770161513,-0.545706486,-0.284751351,-0.052080893,-0.235082694,0.132778369,0.310655718,-0.294203175,-0.294045397,-0.219225392,-0.231110698,-0.335818116,-0.248424495,-1.100147888,1.110583617,1.006591027,0.599240285,0.947257325,1.029641521,0.649117236,-0.12687567,0.163018596,-0.509589231,0.028207702,0.04878037,-0.598625079,-0.048100503,-0.028890218,0.031648935,-0.000812425,1.503563247,0.930689217,-1.624661625,-0.045952597,0.029158249,0,2,TRUE
2004,Romania,ROM,324427632,1057360274,1949,7068.477,0.37,0.06,-0.17,0.18,-0.19,-0.32,74973656852,21451748,3494.990564,0,0,0,0,0,0,0,0,0,0,0,0,0,1,1.5,55,-0.011666667,0.004327222,0.014103091,0,0,0,-0.534391621,1.17661229,-0.096759188,-0.262754699,-0.305710874,-0.279883769,-0.384045563,-0.266614423,-0.294045397,-0.219225392,-0.231110698,-0.335818116,-0.248424495,0.446884224,0.148290387,-0.147191337,0.193622273,-0.117342266,-0.261475115,0.043802289,-0.550709547,-0.379409265,-0.062325518,-0.104129124,-0.08225577,-0.598625079,-0.048100503,-0.028890218,0.031648935,-0.000812425,0.084670809,-0.004777119,0.523059201,0.278228995,0.065301867,0,1,TRUE
2011,Russian Federation,RUS,39043250209,38885810615,1949,5795.045,-0.88,-1,-0.6,-0.31,-0.75,-1.07,2.04592E+12,143018195,14305.33194,0,0,0,0,0,0,0,0,0,1,0,0,1,3,3,62,-0.768333333,0.019083443,0.01900649,0,0,0,-0.866664282,1.592344409,1.087361834,2.900859528,1.927455175,1.720542232,-0.09910509,-0.223999364,-0.294045397,-0.219225392,-0.231110698,-0.335818116,-0.248424495,-0.842309203,-0.960438769,-0.586241263,-0.316000357,-0.685128715,-1.006350098,-0.791495541,3.858012079,-0.855743682,0.143009821,-0.291340536,0.774862736,-0.598625079,-0.048100503,-0.028890218,0.031648935,-0.000812425,-1.775913834,-0.342825225,-0.245744425,0.467253543,-0.011374479,2,1,TRUE
2016,Saudi Arabia,SAU,23595168500,19682998187,1990,6605.185,-1.73,-0.47,0.21,0.06,0.32,0.2,6.66E+11,30954198,21515.66001,0,0,0,0,0,0,0,1,0,0,0,0,1,3,3,26,-0.235,0.035428181,0.029554051,0,0,1,-0.655276966,-0.545706486,-0.004200336,0.685914828,0.79383568,0.922409896,0.216509405,-0.13233134,-0.294045397,-0.219225392,-0.231110698,-0.335818116,-0.248424495,-1.718960733,-0.406074191,0.240806272,0.068816731,0.399748964,0.254971539,-0.202739362,1.351359816,0.100268954,-0.323484671,-0.262533315,-0.066813225,-0.598625079,-0.048100503,-0.028890218,0.031648935,-0.000812425,-0.400235089,0.068773146,-1.770832256,-0.009764822,0.100673679,0,3,TRUE
2015,Sudan,SDN,732105753,2399325254,1959,8402.047,-1.78,-2.16,-1.51,-1.5,-1.23,-1.5,51726758677,40024431,1292.379614,4,1,1,7,1,0,0,0,0,0,0,0,0,2,2,56,-1.613333333,0.014153327,0.046384605,11,2,1,-0.186427339,1.236002593,0.084148496,-0.300068812,-0.226489267,-0.258820889,-0.194304899,0.013941673,5.99040026,4.390569369,3.469093216,8.183932829,2.363467138,-1.77052847,-2.173765016,-1.515393433,-1.553655316,-1.171802814,-1.433411755,-1.724306114,-0.435177822,-0.140896641,0.159445877,0.082844535,-0.108543583,11.35289427,0.799123715,-1.379406204,-2.195736964,-1.881260792,-3.880321508,-0.667906722,-0.559444851,-0.186582384,0.00458183,0,2,TRUE
2016,Senegal,SEN,161542602,2270031349,2005,12312.88,0.37,-0.23,-0.5,-0.21,-0.12,-0.02,19040312333,15034521,1266.439572,0,0,0,0,0,0,0,0,0,0,0,0,0,3,3,11,-0.118333333,0.008484241,0.11922238,0,0,1,0.834014182,-1.436561026,-0.159266349,-0.352534554,-0.234122008,-0.2882993,-0.303774125,0.646969039,-0.294045397,-0.219225392,-0.231110698,-0.335818116,-0.248424495,0.446884224,-0.155041175,-0.484136629,-0.211995739,-0.04636896,0.036474878,-0.073948947,-0.554116054,0.254152792,0.596626582,-0.254133252,-0.079930311,-0.598625079,-0.048100503,-0.028890218,0.031648935,-0.000812425,-0.18379284,-0.159148639,0.546813351,-0.289811509,0.229518733,0,3,TRUE
2015,Singapore,SGP,26021686795,53147735211,1990,4484.657,-0.16,1.3,2.25,2.25,1.78,2.05,3.07999E+11,5535002,55645.60686,0,0,0,0,0,1,0,1,0,0,1,2,1,1,1,25,1.578333333,0.084486395,0.172558397,0,0,1,-1.208579757,-0.605096789,-0.251796651,0.111278732,2.769394126,1.047777093,1.163816336,1.110508162,-0.294045397,-0.219225392,-0.231110698,-0.335818116,-0.248424495,-0.099733789,1.445294306,2.323740806,2.346517874,1.880049348,2.092329829,1.79903165,2.334376559,1.773780253,0.175765142,-0.326209929,-0.788347693,-0.598625079,-0.048100503,-0.028890218,0.031648935,-0.000812425,4.149793268,0.18969137,-1.851338641,0.416182694,0.184736848,0,1,TRUE
2016,Sierra Leone,SLE,236100999,263997221,1971,12570.8,-0.2,-0.17,-1.23,-0.95,-0.8,-0.84,6042615860,7205328,838.6316153,0,0,0,0,0,0,0,0,0,0,0,0,0,3,3,45,-0.698333333,0.039072647,0.043689228,0,0,1,0.901312447,0.582709264,-0.235526799,-0.373397446,-0.352546296,-0.284447206,0.286883519,-0.009483635,-0.294045397,-0.219225392,-0.231110698,-0.335818116,-0.248424495,-0.140987979,-0.09228292,-1.229500458,-0.981629915,-0.735823934,-0.77792177,-0.714221293,-0.579052607,0.293889583,-0.190221386,0.154440519,0.029634916,-0.598625079,-0.048100503,-0.028890218,0.031648935,-0.000812425,-1.664220014,0.465612906,0.755787475,-0.203004994,0.180295046,0,3,TRUE
2019,Suriname,SUR,53513357,234528148,1976,14866.92,0.36,0.09,-0.63,-0.7,-0.08,-0.42,4016040575,605768,6629.667752,0,0,0,0,0,0,0,0,0,0,0,0,0,2,2,43,-0.23,0.013324904,0.058397853,0,0,1,1.500431914,0.463928659,-0.299809979,-0.376650347,-0.354285974,-0.293880681,-0.210301626,0.11834787,-0.294045397,-0.219225392,-0.231110698,-0.335818116,-0.248424495,0.436570676,0.179669514,-0.616872654,-0.721618369,-0.005812785,-0.36079178,-0.197219772,-0.670942675,0.058172573,0.080506434,-0.194928974,-0.059203244,-0.598625079,-0.048100503,-0.028890218,0.031648935,-0.000812425,-0.483970135,0.316588221,0.81158656,-0.359301235,-0.082749204,0,2,TRUE
2011,Sweden,SWE,7133521168,6563253329,1950,6713.787,1.61,1.23,1.93,1.89,1.92,2.17,5.70541E+11,9449213,60379.77482,0,0,0,0,0,0,0,0,0,0,0,0,0,1,0.5,61,1.791666667,0.012503075,0.011503554,0,0,0,-0.626939783,1.532954106,-0.213670181,0.532692031,0.019324207,0.07191122,-0.226171038,-0.28920679,-0.294045397,-0.219225392,-0.231110698,-0.335818116,-0.248424495,1.725764103,1.372076343,1.997005977,1.972101248,2.021995961,2.211509826,2.034534122,0.240677099,-0.337988729,-0.231608686,-0.345911027,0.345117529,-0.598625079,-0.048100503,-0.028890218,0.031648935,-0.000812425,4.640747037,-0.315868139,-0.196873973,-0.186781012,0.096800834,0,1,TRUE
2012,Thailand,THA,38455864243,31222850091,1975,3303.891,-0.32,-1.22,0.13,0.14,-0.17,-0.4,3.97558E+11,69436098,5725.528028,0,0,0,0,0,1,0,0,0,0,0,1,0,3,3,37,-0.306666667,0.096730119,0.078536527,0,0,0,-1.516673366,0.107586843,0.370633575,0.255033127,1.475079698,1.690194662,1.400240856,0.293371496,-0.294045397,-0.219225392,-0.231110698,-0.335818116,-0.248424495,-0.264750548,-1.190552368,0.159122565,0.152020426,-0.097064179,-0.340928447,-0.281853473,2.203836869,1.234237384,-0.425978506,0.44699245,-0.720922061,-0.598625079,-0.048100503,-0.028890218,0.031648935,-0.000812425,-0.593604808,-1.025446378,-0.39165335,0.267867031,-0.168684791,0,3,TRUE
2013,Tajikistan,TJK,88727480,1869855835,1992,4052.918,-1.5,-1.18,-1.07,-1.07,-1.26,-1.29,8448411318,8216724,1028.197043,0,0,0,0,0,0,0,0,0,1,0,0,1,2,2,21,-1.228333333,0.010502268,0.221326326,0,0,1,-1.321232075,-0.842658,-0.225675271,-0.36953585,-0.257745983,-0.292061327,-0.264806322,1.53434639,-0.294045397,-0.219225392,-0.231110698,-0.335818116,-0.248424495,-1.481749142,-1.148713532,-1.066133043,-1.106435457,-1.202219945,-1.224846759,-1.299297747,-0.57826876,0.828176218,1.248399172,-0.425881184,-0.006550467,-0.598625079,-0.048100503,-0.028890218,0.031648935,-0.000812425,-2.93996726,-0.013162887,-0.40402602,0.123161429,-0.038094788,0,2,TRUE
2017,Tajikistan,TJK,46732862,1325028244,1992,4052.918,-1.72,-0.67,-1.18,-1.1,-1.37,-1.35,7536402853,9085946,829.4571476,0,0,0,0,0,0,0,1,0,1,0,0,2,3,3,25,-1.231666667,0.006200951,0.175817067,0,0,1,-1.321232075,-0.605096789,-0.217208592,-0.370999735,-0.289909354,-0.294230999,-0.347864131,1.138829006,-0.294045397,-0.219225392,-0.231110698,-0.335818116,-0.248424495,-1.708647186,-0.615268372,-1.178448141,-1.137636842,-1.313749426,-1.284436758,-1.302977473,-0.61363703,0.535614305,0.974171829,-0.394228614,-0.044440324,-0.598625079,-0.048100503,-0.028890218,0.031648935,-0.000812425,-2.964783658,0.572651169,-0.430083154,0.225319093,0.04529798,2,1,TRUE
2013,Turkmenistan,TKM,8893086737,1141930621,1992,4939.987,-2.22,0.25,-1.14,-2.13,-1.36,-1.29,39197543860,5939341,6599.645291,0,0,0,0,0,0,0,0,0,0,0,0,0,2,2,21,-1.315,0.226878673,0.029132709,0,0,1,-1.089771913,-0.842658,-0.247858177,-0.320179733,-0.300718345,0.162819994,3.913390365,-0.135993197,-0.294045397,-0.219225392,-0.231110698,-0.335818116,-0.248424495,-2.224324556,0.347024859,-1.137606287,-2.208884412,-1.303610382,-1.224846759,-1.394970626,0.220263829,2.718218382,-1.810215615,2.120656053,0.636132573,-0.598625079,-0.048100503,-0.028890218,0.031648935,-0.000812425,-3.211220144,1.854174063,-0.593531816,-0.39734614,-0.429085031,0,2,TRUE
2013,Trinidad and Tobago,TTO,125237816,320728253,1974,14403.7,0.48,0.09,0.42,0.21,-0.2,-0.25,28709859469,1340557,21416.36608,0,0,0,0,0,0,0,0,0,0,0,0,0,1,1,39,0.125,0.004362188,0.011171363,0,0,1,1.379565357,0.226367448,-0.292652748,-0.337013749,-0.349197234,-0.290175004,-0.38337036,-0.292093839,-0.294045397,-0.219225392,-0.231110698,-0.335818116,-0.248424495,0.560333245,0.179669514,0.455226003,0.224823659,-0.12748131,-0.19195345,0.19467106,-0.672912313,-0.30904071,-0.16961848,-0.226029633,-0.097916826,-0.598625079,-0.048100503,-0.028890218,0.031648935,-0.000812425,0.433114833,-0.105491864,0.400739272,0.319063929,-0.356262229,0,1,TRUE
2000,Turkey,TUR,126745962,1077885337,1971,7064.197,-0.29,-0.8,-0.02,0.25,-0.07,-0.26,2.74295E+11,65425961,4192.443167,0,0,0,0,0,0,0,0,0,0,0,0,0,1,1,29,-0.198333333,0.00046208,0.003929663,0,0,0,-0.535508389,-0.367535578,0.331572735,0.057179817,-0.304499197,-0.290097085,-0.458680889,-0.355030884,-0.294045397,-0.219225392,-0.231110698,-0.335818116,-0.248424495,-0.233809905,-0.751244589,0.005965614,0.266425506,0.004326259,-0.201885117,-0.162262374,-0.284046415,-0.707539198,0.095537123,0.13834123,0.092029804,-0.598625079,-0.048100503,-0.028890218,0.031648935,-0.000812425,-0.335058662,-0.660184785,-0.310987505,0.265580401,0.058150663,0,1,TRUE
2013,Tanzania,TZA,559727059,3139738092,1964,9422.745,-0.2,-0.16,-0.71,-0.35,-0.48,-0.78,45648857242,48824128,934.9651312,0,0,0,0,0,0,0,0,0,0,0,0,0,1,1,49,-0.446666667,0.012261579,0.068780212,0,0,1,0.079900223,0.820270474,0.169862165,-0.309824587,-0.18277971,-0.267726915,-0.230834289,0.208580135,-0.294045397,-0.219225392,-0.231110698,-0.335818116,-0.248424495,-0.140987979,-0.081823211,-0.698556361,-0.357602204,-0.411374534,-0.718331771,-0.43640197,-0.399627383,-0.080735892,0.366786646,0.090696709,-0.131011086,-0.598625079,-0.048100503,-0.028890218,0.031648935,-0.000812425,-1.00924059,0.227017409,0.419651733,0.213728983,0.095116185,0,1,TRUE
2022,Tanzania,TZA,535820150,7813629985,1964,9422.745,-0.65,-0.26,-0.46,-0.56,-0.46,-0.35,75769974505,64711821,1170.883052,2,0,0,2,2,0,0,0,0,0,0,0,0,3,3,58,-0.456666667,0.007071669,0.103123038,4,0,1,0.079900223,1.354783198,0.324616636,-0.261476511,0.093138986,-0.268962076,-0.331050694,0.507050931,2.848177431,-0.219225392,-0.231110698,2.09839644,4.975358771,-0.605097612,-0.186420302,-0.443294776,-0.576011903,-0.391096447,-0.291270115,-0.447441149,-0.184601694,-0.029340483,0.716361685,0.052936086,-0.190677795,4.717005238,-3.205810169,1.459263193,1.117645839,1.213796688,-1.021203443,0.261409054,-0.172389281,-0.161277005,0.011741508,1,2,TRUE
2011,Ukraine,UKR,3230550352,7150387967,1992,6460.799,-0.13,-0.07,-0.87,-0.56,-0.85,-1.09,1.69334E+11,46307853,3656.698038,0,0,0,0,0,0,0,0,0,0,0,0,0,2,2,19,-0.595,0.019077997,0.042226575,0,0,0,-0.692951156,-0.961438605,0.145352325,-0.111295078,0.053985134,-0.129737585,-0.099210257,-0.022195432,-0.294045397,-0.219225392,-0.231110698,-0.335818116,-0.248424495,-0.068793147,0.01231417,-0.861923775,-0.576011903,-0.786519152,-1.026213431,-0.600149783,-0.074409193,-0.128626862,0.107727713,0.092978472,-0.085962899,-0.598625079,-0.048100503,-0.028890218,0.031648935,-0.000812425,-1.398487465,0.409108011,0.73272187,0.303052109,0.001441619,0,2,TRUE
2016,Uruguay,URY,1956971018,1797747893,1988,19175.59,1.16,1.05,0.5,0.68,0.62,1.25,57480788390,3379283,17009.75869,0,0,0,0,0,0,0,0,0,0,0,0,0,2,2,28,0.876666667,0.034045654,0.03127563,0,0,1,2.624679809,-0.426925881,-0.272794486,-0.290832891,-0.262002806,-0.195537655,0.189813008,-0.117369232,-0.294045397,-0.219225392,-0.231110698,-0.335818116,-0.248424495,1.261654469,1.183801581,0.536909711,0.713645365,0.703920276,1.297796514,1.024449301,-0.459470322,0.179481685,-0.264870179,0.045996193,0.005382542,-0.598625079,-0.048100503,-0.028890218,0.031648935,-0.000812425,2.295588881,0.303522098,0.52097227,-0.416945442,0.325399658,0,2,TRUE
2004,Uzbekistan,UZB,402704817,172469574,1992,3943.621,-1.78,-1.46,-1.2,-1.58,-1.34,-1.07,12030023548,26029350,462.1714929,0,0,1,0,0,0,0,0,0,1,0,0,1,1,1,12,-1.405,0.033474982,0.014336595,0,1,0,-1.349750602,-1.377170723,-0.052170941,-0.363786924,-0.357949542,-0.275839542,0.178793412,-0.264585056,-0.294045397,-0.219225392,3.469093216,-0.335818116,-0.248424495,-1.77052847,-1.441585385,-1.198869067,-1.636859011,-1.283332295,-1.006350098,-1.494323231,-0.542349924,0.002089709,-0.268418422,0.271742207,-0.032931699,0.461114884,2.494272701,1.929189779,-1.279399357,0.744086913,-3.380217537,-0.052624952,-0.628977209,-0.400732083,-0.083699959,0,1,TRUE
2012,Uzbekistan,UZB,1091258473,1783936054,1992,3943.621,-2.03,-0.52,-0.93,-1.58,-1.3,-1.31,67517349212,29261903,2307.346491,0,0,1,0,0,0,0,0,0,1,0,0,1,2,2,20,-1.278333333,0.016162638,0.026421891,0,1,0,-1.349750602,-0.902048302,-0.020684178,-0.274722984,-0.262818174,-0.240265096,-0.155505407,-0.159552697,-0.294045397,-0.219225392,3.469093216,-0.335818116,-0.248424495,-2.028367155,-0.458372736,-0.923186556,-1.636859011,-1.24277612,-1.244710092,-1.354493639,-0.457397039,-0.181384557,-0.041813719,0.052800069,-0.075554849,0.461114884,2.494272701,1.929189779,-1.279399357,0.744086913,-3.083710531,0.893528512,-0.718007524,-0.076241749,-0.349881654,1,1,TRUE
2016,Uzbekistan,UZB,1606887625,2058804545,1992,3943.621,-1.89,-0.28,-0.66,-1.64,-1.13,-1.2,86138288644,31284568,2753.379514,0,0,0,0,0,0,0,1,0,1,0,0,2,3,3,24,-1.133333333,0.018654743,0.023901154,0,0,1,-1.349750602,-0.664487092,-0.000982359,-0.2448341,-0.246591578,-0.213624876,-0.107383227,-0.181460221,-0.294045397,-0.219225392,-0.231110698,-0.335818116,-0.248424495,-1.883977492,-0.20733972,-0.647504044,-1.699261782,-1.070412377,-1.135461762,-1.194425552,-0.406088054,-0.170695914,-0.073145101,0.086169836,-0.062568848,-0.598625079,-0.048100503,-0.028890218,0.031648935,-0.000812425,-2.725045419,1.036698653,-0.696505428,-0.17111512,-0.566286504,2,1,TRUE
2008,Vietnam,VNM,4336989507,15139438640,1950,2330.799,-1.5,0.17,-0.2,-0.63,-0.46,-0.71,99130304099,85175788,1163.831958,0,1,0,0,0,1,0,0,0,0,0,1,0,3,3,58,-0.555,0.04375039,0.152722609,0,1,0,-1.770579242,1.354783198,0.52394642,-0.223980327,0.525611029,-0.072572891,0.377210052,0.93811689,-0.294045397,4.390569369,-0.231110698,-0.335818116,-0.248424495,-1.481749142,0.263347186,-0.177822727,-0.648815136,-0.391096447,-0.648810106,-0.555993069,0.348345327,0.664308109,0.836986083,0.426376621,-0.2145029,1.134976454,2.456833362,-2.379161589,2.53438239,-0.433649136,-1.261217912,0.944498566,-0.827997995,0.205371229,-0.274253256,0,3,TRUE
2014,Samoa,WSM,194940,55866514,1975,8268.319,0.67,1.12,0.59,-0.21,0.8,0.36,796683519.6,200037,3982.680802,0,0,0,0,0,0,0,0,0,0,0,0,0,2,2,39,0.555,0.000244689,0.070123848,0,0,1,-0.221320571,0.226367448,-0.303762012,-0.381817808,-0.364833091,-0.296635402,-0.462878663,0.220257566,-0.294045397,-0.219225392,-0.231110698,-0.335818116,-0.248424495,0.756290646,1.257019544,0.628803881,-0.211995739,0.886423063,0.413878202,0.66935573,-0.715787221,-0.049967387,0.259035464,-0.355582366,-0.107088079,-0.598625079,-0.048100503,-0.028890218,0.031648935,-0.000812425,1.486319741,0.792961635,0.408306805,-0.413296613,-0.524843305,0,2,TRUE
2018,Samoa,WSM,509571,70608967,1975,8268.319,0.78,1.13,0.62,-0.14,0.91,0.65,878448433.4,207582,4231.814095,0,0,0,0,0,0,0,1,0,0,0,0,1,3,3,43,0.658333333,0.000580081,0.080379183,0,0,1,-0.221320571,0.463928659,-0.303688519,-0.381686565,-0.363962785,-0.296619146,-0.456402305,0.309385872,-0.294045397,-0.219225392,-0.231110698,-0.335818116,-0.248424495,0.869739668,1.267479253,0.659435271,-0.139192506,0.997952544,0.701896529,0.78342724,-0.713015745,0.006708594,0.326494499,-0.367151855,-0.099731767,-0.598625079,-0.048100503,-0.028890218,0.031648935,-0.000812425,1.74636137,0.718630551,0.38813777,-0.579975839,-0.412646226,2,1,TRUE
2002,South Africa,ZAF,1269058932,1311604325,1998,12967.77,0.66,-0.25,0.61,0.73,0.03,0.33,1.29088E+11,48019415,2688.23676,0,0,0,0,0,0,0,0,0,0,0,0,0,1,1,4,0.351666667,0.009830994,0.010160579,0,0,0,1.004892597,-1.852293145,0.162023838,-0.175895275,-0.290701822,-0.231078953,-0.277768534,-0.30087848,-0.294045397,-0.219225392,-0.231110698,-0.335818116,-0.248424495,0.745977099,-0.175960593,0.649224808,0.765647674,0.105716696,0.384083203,0.444892436,-0.386518814,-0.434481461,-0.023898057,0.130248161,-0.056734422,-0.598625079,-0.048100503,-0.028890218,0.031648935,-0.000812425,1.025037644,-0.698035826,0.16057399,0.239068245,-0.037094962,0,1,TRUE
2004,South Africa,ZAF,2955322275,2951863176,1998,12967.77,0.72,-0.13,0.56,0.69,0,0.4,2.55807E+11,48991421,5221.463337,0,0,0,0,0,0,0,0,0,0,0,0,0,2,2,6,0.373333333,0.011552942,0.011539419,0,0,0,1.004892597,-1.733512539,0.171491686,0.027504775,-0.193870724,-0.143957372,-0.244517969,-0.288895088,-0.294045397,-0.219225392,-0.231110698,-0.335818116,-0.248424495,0.807858383,-0.050444084,0.598172491,0.724045827,0.075299565,0.453604868,0.468810656,-0.168113473,-0.432812734,-0.0322887,0.089572073,0.044144812,-0.598625079,-0.048100503,-0.028890218,0.031648935,-0.000812425,1.072063238,-0.589534715,0.243883717,0.167870422,0.006545771,1,1,TRUE
2010,South Africa,ZAF,14824356625,10808857284,1998,12967.77,0.6,-0.03,0.19,0.45,0.1,0.07,4.17364E+11,52344051,7973.471958,0,0,0,0,0,0,0,0,0,0,0,0,0,3,3,12,0.23,0.035519026,0.025897926,0,0,0,1.004892597,-1.377170723,0.204148063,0.286823371,0.269959339,0.469261815,0.218263617,-0.16410644,-0.294045397,-0.219225392,-0.231110698,-0.335818116,-0.248424495,0.684095814,0.054153006,0.220385345,0.474434743,0.176690002,0.125859875,0.310582433,0.645850707,-0.003156919,-0.197031203,0.128367739,-0.059688057,-0.598625079,-0.048100503,-0.028890218,0.031648935,-0.000812425,0.704092948,-0.326088399,0.389751585,0.1812391,0.04171332,2,1,TRUE
2023,Zambia,ZMB,4335313769,1006466854,1964,10960.79,-0.05,0.2,-0.66,-0.5,-0.53,-0.48,27577956471,20723965,1330.727806,0,0,0,0,0,0,0,0,0,0,0,0,0,3,3,59,-0.336666667,0.15720214,0.036495338,0,0,1,0.481217533,1.414173501,-0.103848177,-0.338830591,-0.308715318,-0.072659469,2.567946714,-0.072005161,-0.294045397,-0.219225392,-0.231110698,-0.335818116,-0.248424495,0.013715232,0.294726313,-0.647504044,-0.513609132,-0.462069753,-0.420381778,-0.314971008,-0.070064652,1.766598436,-1.121721113,1.504732503,0.422843462,-0.598625079,-0.048100503,-0.028890218,0.031648935,-0.000812425,-0.75154158,0.533080153,0.546861345,-0.059353236,0.093275746,0,3,TRUE
2018,Zimbabwe,ZWE,889626220,445675508,1980,10898.12,-1.14,-0.72,-1.3,-1.53,-1.29,-1.25,34156069918,15034452,2271.853335,0,0,0,1,0,0,0,0,0,0,0,0,0,3,3,38,-1.205,0.026045919,0.013048208,1,0,1,0.464865244,0.166977145,-0.159267021,-0.328271915,-0.341821094,-0.250682521,0.035339296,-0.275782324,-0.294045397,-0.219225392,-0.231110698,0.881289162,-0.248424495,-1.110461436,-0.667566917,-1.300973701,-1.584856702,-1.232637076,-1.185120094,-1.273539664,-0.54890241,-0.063613774,-0.270802282,0.098733137,-0.037802274,0.083624418,-0.283467263,0.025173381,-0.313012221,-0.91683577,-2.916582103,0.456893267,0.134494286,-0.248626769,-0.111909086,0,3,TRUE
